id,RA,Dec,Target,Qual,z,z_err,N_lines,features,flag
V01Q1_20,10.3783,-9.1904,T,2,0.1314,0,5,e2a3,0
V01Q1_17,10.3749,-9.1079,T,2,0.4704,0,4,e0a4,0
V01Q1_3,10.3699,-9.0936,T,2,0.6033,0,7,e6a1,0
V01Q1_22,10.3651,-9.1605,T,2,0.2321,0,11,e10a1,0
V01Q1_12,10.3603,-9.1264,T,2,0.2922,0,11,e8a3,0
V01Q1_11,10.3513,-9.0899,T,2,0.209,0,8,e7a1,0
V01Q1_10,10.348,-9.1466,T,2,0.3826,0,9,e6a3,0
V01Q1_1,10.3438,-9.1086,T,0,0,0,0,e0a0,0
V01Q1_1,-999.9,-999.9,A,-9,0,0,0,e0a0,b
V01Q1_2,10.3391,-9.1533,T,2,0.1307,0,10,e9a1,0
V01Q1_4,10.3304,-9.0994,T,3,0.0556,0,3,e0a3,0
V01Q1_8,10.3261,-9.1833,T,0,0,0,0,e0a0,0
V01Q1_15,10.3225,-9.0961,T,2,0.4581,0,6,e4a2,0
V01Q1_14,10.3164,-9.1227,T,2,0.5363,0,6,e3a3,0
V01Q1_7,10.3009,-9.1695,T,2,0.0567,0,4,e0a4,0
V01Q1_6,10.295,-9.1715,A,2,0.055,0,4,e1a3,a
V01Q1_6,-999.9,-999.9,A,-9,0,0,0,e0a0,b
V01Q1_6,10.2986,-9.1715,T,0,0,0,0,e0a0,0
V01Q1_16,10.2927,-9.1165,T,2,0.2156,0,8,e8a0,0
V01Q1_19,10.2879,-9.1355,T,2,0.5838,0,3,e3a0,0
V01Q1_9,10.2856,-9.1415,T,2,0.208,0.0002,5,e5a0,0
V01Q1_13,10.2788,-9.1507,T,2,0.0623,0,10,e10a0,0
V01Q1_23,10.2705,-9.1099,T,2,0.5834,0,7,e0a7,0
V01Q1_5,10.268,-9.1451,T,2,0.2526,0,11,e7a4,0
V01Q2_25,10.222,-9.1841,A,2,0.081,0.0002,9,e8a1,a
V01Q2_25,10.2245,-9.1841,T,3,0.3398,0,5,e5a0,0
V01Q2_25,10.2258,-9.1841,A,0,0,0,0,e0a0,a
V01Q2_24,10.2186,-9.1742,T,2,0.5194,0,8,e4a4,0
V01Q2_28,10.2122,-9.1466,T,1,0,0,0,e0a0,0
V01Q2_27,10.2095,-9.1159,T,2,0.2945,0,10,e10a0,0
V01Q2_23,10.2042,-9.172,T,3,0.0559,0,3,e0a3,0
V01Q2_22,10.1981,-9.7141,T,1,0,0,0,e0a0,0
V01Q2_19,10.1869,-9.1802,A,2,0.4639,0,12,e8a4,a
V01Q2_19,10.1897,-9.1802,T,2,0.7998,0,5,e3a2,0
V01Q2_18,10.1843,-9.1344,T,2,0.5406,0,9,e4a5,0
V01Q2_30,10.1802,-9.1594,T,2,0.3138,0,8,e5a3,0
V01Q2_29,10.1773,-9.1527,T,1,0,0,0,e0a0,0
V01Q2_17,10.1745,-9.1447,T,2,0.3043,0,9,e4a5,0
V01Q2_14,10.1662,-9.1696,A,2,0.4579,0,14,e12a2,0
V01Q2_14,10.1699,-9.1696,T,2,0.3126,0,5,e0a5,0
V01Q2_16,10.1642,-9.1703,T,2,0.0779,0,7,e7a0,0
V01Q2_13,10.162,-9.1168,T,2,0.3169,0,13,e11a2,0
V01Q2_12,10.1567,-9.1853,T,2,0.1895,0,9,e8a1,0
V01Q2_9,10.1515,-9.1927,T,2,0.1892,0,8,e7a1,0
V01Q2_11,10.145,-9.1876,A,2,0.4566,0,13,e11a2,0
V01Q2_11,10.1491,-9.1876,T,2,0.3119,0,8,e8a0,0
V01Q2_8,10.1433,-9.1313,T,2,0.0846,0,8,e7a1,0
V01Q2_8,-999.9,-999.9,A,-9,0,0,0,e0a0,b
V01Q2_6,10.1385,-9.1175,T,2,0.131,0.0001,4,e3a1,0
V01Q2_2,10.1253,-9.1361,T,2,0.5801,0,8,e5a3,0
V01Q2_3,10.1199,-9.1317,T,3,0.0529,0,4,e2a2,0
V01Q2_4,10.1168,-9.1411,T,2,0.1805,0,4,e4a0,0
V01Q3_19,10.2303,-9.3387,T,2,0.2321,0,13,e12a1,0
V01Q3_20,10.2279,-9.3232,T,1,0,0,0,e0a0,0
V01Q3_20,-999.9,-999.9,A,-9,0,0,0,e0a0,b
V01Q3_20,-999.9,-999.9,A,-9,0,0,0,e0a0,b
V01Q3_17,10.2233,-9.3183,T,2,0.1677,0,7,e6a1,0
V01Q3_16,10.2194,-9.3219,T,2,0.2324,0,8,e6a2,0
V01Q3_21,10.215,-9.3411,T,3,0.0556,0,3,e0a3,0
V01Q3_15,10.2115,-9.3171,T,2,0.2314,0,6,e5a1,0
V01Q3_14,10.2002,-9.3299,T,2,0.1666,0,11,e10a1,0
V01Q3_25,10.1867,-9.284,T,2,0.253,0.0001,9,e5a4,0
V01Q3_18,10.183,-9.3505,T,2,0.3733,0,14,e11a3,0
V01Q3_18,-999.9,-999.9,A,-9,0,0,0,e0a0,b
V01Q3_11,10.1757,-9.3208,T,2,0.8459,0,7,e6a1,0
V01Q3_24,10.1733,-9.2968,T,2,0.3955,0,14,e10a4,0
V01Q3_27,10.1671,-9.2942,T,2,0.3159,0,16,e11a5,0
V01Q3_26,10.1598,-9.3043,T,2,0.3085,0,12,e8a4,0
V01Q3_10,10.1514,-9.3377,T,2,0.0501,0,7,e7a0,0
V01Q3_8,10.1455,-9.2784,T,2,0.3819,0,5,e5a0,0
V01Q3_6,10.1423,-9.306,T,0,0,0,0,e0a0,0
V01Q3_7,10.1396,-9.2631,T,2,0.2933,0,7,e7a0,0
V01Q3_5,10.1353,-9.3421,T,2,0.6247,0,6,e3a3,0
V01Q3_4,10.1316,-9.3059,T,2,0.0801,0,8,e7a1,0
V01Q3_1,10.1277,-9.2904,T,2,0.316,0.0002,13,e8a5,0
V01Q3_2,10.1211,-9.3192,T,2,0.3107,0,11,e4a7,0
V01Q4_15,-999.9,-999.9,A,-9,0,0,0,e0a0,b
V01Q4_15,10.3814,-9.2797,T,2,0.1883,0,6,e1a5,0
V01Q4_25,10.3642,-9.2662,T,2,0.0482,0,10,e10a0,0
V01Q4_18,10.3598,-9.3698,T,2,0.583,0.0002,6,e4a2,0
V01Q4_14,10.3538,-9.3664,T,2,0.5852,0,5,e3a2,0
V01Q4_14,-999.9,-999.9,A,-9,0,0,0,e0a0,b
V01Q4_19,10.3456,-9.3456,T,2,0.1782,0,9,e9a0,0
V01Q4_19,-999.9,-999.9,A,-9,0,0,0,e0a0,b
V01Q4_20,10.3371,-9.3599,A,2,0.472,0.0004,8,e3a5,0
V01Q4_20,10.3393,-9.3599,T,0,0,0,0,e0a0,0
V01Q4_24,10.3315,-9.3574,T,2,0.1824,0,6,e5a1,0
V01Q4_13,10.3275,-9.3386,T,2,0.0164,0,10,e10a0,0
V01Q4_12,10.3232,-9.3593,T,0,0,0,0,e0a0,0
V01Q4_11,10.318,-9.348,A,2,0.3157,0,15,e11a4,a
V01Q4_11,10.32,-9.348,T,0,0,0,0,e0a0,0
V01Q4_11,10.321,-9.348,A,0,0,0,0,e0a0,a
V01Q4_10,10.3137,-9.3399,T,2,0.3033,0,8,e3a5,0
V01Q4_8,10.3057,-9.3317,T,2,0.0557,0,3,e0a3,0
V01Q4_23,10.301,-9.3022,T,2,0.3035,0,12,e10a2,0
V01Q4_7,10.2942,-9.3151,T,2,0.5849,0,8,e8a0,0
V01Q4_6,10.2901,-9.3525,T,2,0.1309,0,7,e5a2,0
V01Q4_5,10.2853,-9.2818,T,2,0.397,0.0002,11,e8a3,0
V01Q4_4,10.2804,-9.2901,A,2,0.2319,0,10,e9a1,a
V01Q4_4,10.2812,-9.2901,T,2,0.2333,0,0,e0a0,0
V01Q4_22,10.2772,-9.3699,T,2,0.3006,0,10,e10a0,0
V01Q4_21,10.2738,-9.3664,T,2,0.2323,0,13,e10a3,0
V01Q4_1,10.2681,-9.2806,T,2,0.396,0.0001,15,e12a3,0
V02Q1_25,10.6539,-9.1605,T,2,0.3868,0,8,e8a0,0
V02Q1_26,10.6495,-9.1508,T,2,0.1678,0,7,e7a0,0
V02Q1_5,10.645,-9.1453,T,2,0.4435,0,17,e12a5,0
V02Q1_41,10.6425,-9.1814,T,2,0.0549,0,4,e1a3,0
V02Q1_2,-999.9,-999.9,A,-9,0,0,0,e0a0,b
V02Q1_2,10.64,-9.1397,T,2,0.1671,0,7,e7a0,0
V02Q1_28,10.6362,-9.1198,T,3,0.0216,0,7,e7a0,0
V02Q1_28,-999.9,-999.9,A,-9,0,0,0,e0a0,b
V02Q1_29,10.6306,-9.147,T,2,0.1668,0,11,e11a0,0
V02Q1_30,-999.9,-999.9,A,-9,0,0,0,e0a0,b
V02Q1_30,10.6282,-9.1551,T,0,0,0,0,e0a0,0
V02Q1_21,10.625,-9.1998,T,0,0,0,0,e0a0,0
V02Q1_1,10.6142,-9.1801,T,0,0,0,0,e0a0,0
V02Q1_35,-999.9,-999.9,A,-9,0,0,0,e0a0,b
V02Q1_35,10.6108,-9.1082,T,0,0,0,0,e0a0,0
V02Q1_22,-999.9,-999.9,T,-9,0,0,0,e0a0,c
V02Q1_18,-999.9,-999.9,T,-9,0,0,0,e0a0,c
V02Q1_18,-999.9,-999.9,A,-9,0,0,0,e0a0,c
V02Q1_37,-999.9,-999.9,A,-9,0,0,0,e0a0,c
V02Q1_37,10.5912,-9.1662,T,0,0,0,0,e0a0,0
V02Q1_6,-999.9,-999.9,T,-9,0,0,0,e0a0,c
V02Q1_24,-999.9,-999.9,T,-9,0,0,0,e0a0,c
V02Q1_11,-999.9,-999.9,T,-9,0,0,0,e0a0,c
V02Q1_10,-999.9,-999.9,T,-9,0,0,0,e0a0,c
V02Q1_10,-999.9,-999.9,A,-9,0,0,0,e0a0,c
V02Q1_20,-999.9,-999.9,T,-9,0,0,0,e0a0,c
V02Q1_12,-999.9,-999.9,T,-9,0,0,0,e0a0,c
V02Q1_12,-999.9,-999.9,A,-9,0,0,0,e0a0,c
V02Q1_13,-999.9,-999.9,T,-9,0,0,0,e0a0,c
V02Q1_13,-999.9,-999.9,A,-9,0,0,0,e0a0,c
V02Q1_14,-999.9,-999.9,T,-9,0,0,0,e0a0,c
V02Q1_33,-999.9,-999.9,T,-9,0,0,0,e0a0,c
V02Q1_33,-999.9,-999.9,A,-9,0,0,0,e0a0,c
V02Q1_33,-999.9,-999.9,A,-9,0,0,0,e0a0,c
V02Q1_32,-999.9,-999.9,T,-9,0,0,0,e0a0,c
V02Q2_8,10.5026,-9.1256,T,3,0.1813,0,1,e1a0,0
V02Q2_9,10.4998,-9.2005,T,2,0.2936,0,13,e9a4,0
V02Q2_26,-999.9,-999.9,A,-9,0,0,0,e0a0,b
V02Q2_26,10.4928,-9.1897,T,3,0.054,0.0001,3,e0a3,0
V02Q2_6,10.4866,-9.154,T,2,0.6102,0,10,e5a5,0
V02Q2_7,10.4824,-9.1162,T,3,1.141,0.0003,6,e4a2,0
V02Q2_28,10.478,-9.1113,A,2,0.3862,0,7,e3a4,0
V02Q2_28,10.48,-9.1113,T,3,0.0538,0,3,e0a3,0
V02Q2_29,10.4765,-9.1075,T,2,0.4436,0,14,e10a4,0
V02Q2_5,10.4741,-9.1396,T,2,0.5779,0,4,e2a2,0
V02Q2_31,10.464,-9.1929,T,2,0.3721,0,13,e9a4,0
V02Q2_21,10.4593,-9.1397,T,2,0.3055,0,17,e12a5,0
V02Q2_11,10.4546,-9.179,T,2,0.3204,0,8,e2a6,0
V02Q2_20,10.4513,-9.0998,T,2,0.2322,0,11,e9a2,0
V02Q2_19,10.4486,-9.1262,T,2,0.5497,0,7,e2a5,0
V02Q2_18,10.445,-9.1947,T,2,0.3523,0,14,e10a4,0
V02Q2_17,10.4394,-9.1419,T,0,0,0,0,e0a0,0
V02Q2_17,-999.9,-999.9,A,-9,0,0,0,e0a0,b
V02Q2_24,10.4353,-9.148,T,2,0.3825,0,9,e5a4,0
V02Q2_32,10.4316,-9.197,T,2,0.4581,0,7,e1a6,0
V02Q2_12,10.4291,-9.1897,T,2,0.515,0.0004,7,e4a3,0
V02Q2_36,10.4228,-9.2131,T,3,0.0382,0,6,e6a0,0
V02Q2_36,10.4231,-9.2131,A,3,0.038,0.0004,6,e6a0,0
V02Q2_15,10.4193,-9.1254,T,3,0.0538,0,2,e0a2,0
V02Q2_2,10.4157,-9.0993,T,2,0.4704,0,9,e7a2,0
V02Q2_13,10.4123,-9.0984,T,2,0.4696,0,5,e5a0,0
V02Q2_23,10.408,-9.2048,T,2,0.0616,0,2,e0a2,0
V02Q2_33,10.4044,-9.1444,T,2,0.47,0.0001,10,e8a2,0
V02Q2_27,-999.9,-999.9,A,-9,0,0,0,e0a0,b
V02Q2_27,10.3961,-9.0933,T,2,0.0592,0,3,e0a3,0
V02Q2_1,10.3922,-9.1775,T,2,0.3843,0,14,e9a5,0
V02Q2_34,10.3888,-9.2059,T,2,0.2906,0,9,e7a2,0
V02Q3_19,10.4928,-9.3439,T,2,0.3531,0,12,e9a3,0
V02Q3_6,10.4894,-9.3187,T,3,0.0615,0,5,e1a4,0
V02Q3_5,10.4858,-9.2692,A,3,0.0954,0,3,e3a0,a
V02Q3_5,10.4858,-9.2692,T,0,0,0,0,e0a0,0
V02Q3_4,10.4812,-9.3659,T,2,0.0767,0,9,e8a1,0
V02Q3_31,10.4781,-9.3077,T,2,0.3031,0,11,e9a2,0
V02Q3_30,10.4752,-9.3024,T,2,0.0478,0,10,e10a0,0
V02Q3_33,10.4727,-9.2919,T,2,0.0561,0,3,e0a3,0
V02Q3_32,10.4689,-9.3137,T,3,0.0516,0,2,e0a2,0
V02Q3_32,-999.9,-999.9,A,-9,0,0,0,e0a0,b
V02Q3_17,10.4624,-9.3234,T,2,0.3318,0,12,e8a4,0
V02Q3_36,10.4596,-9.3467,T,3,0.5431,0,6,e3a3,0
V02Q3_15,10.456,-9.2693,T,2,0.2984,0,10,e10a0,0
V02Q3_14,10.4526,-9.3013,T,2,0.5824,0,5,e3a2,0
V02Q3_27,10.4467,-9.3767,T,0,0,0,0,e0a0,0
V02Q3_21,10.444,-9.3736,T,2,0.3037,0,13,e8a5,0
V02Q3_22,10.4405,-9.3051,T,2,0.4344,0,16,e12a4,0
V02Q3_26,10.438,-9.3613,T,2,0.304,0.0003,12,e7a5,0
V02Q3_12,10.4341,-9.2602,T,2,0.1306,0,5,e4a1,0
V02Q3_25,10.4312,-9.2971,T,2,0.3016,0,10,e8a2,0
V02Q3_1,10.4267,-9.3206,T,1,0,0,0,e0a0,0
V02Q3_1,10.4311,-9.3206,A,0,0,0,0,e0a0,0
V02Q3_3,10.4203,-9.3763,T,1,0,0,0,e0a0,0
V02Q3_35,10.4177,-9.3542,T,3,0.0592,0,4,e1a3,0
V02Q3_7,10.4128,-9.2975,A,2,0.188,0,8,e7a1,a
V02Q3_7,10.4144,-9.2975,T,0,0,0,0,e0a0,0
V02Q3_8,-999.9,-999.9,A,-9,0,0,0,e0a0,b
V02Q3_8,10.406,-9.3595,T,2,0.2952,0,9,e6a3,0
V02Q3_11,10.4015,-9.2952,T,2,0.48,0.0002,13,e8a5,0
V02Q3_11,-999.9,-999.9,A,-9,0,0,0,e0a0,b
V02Q3_10,10.3953,-9.3356,T,0,0,0,0,e0a0,0
V02Q3_24,10.3918,-9.2985,T,2,0.4746,0,6,e3a3,0
V02Q3_23,10.3892,-9.3581,T,2,0.4267,0,8,e5a3,0
V02Q4_4,-999.9,-999.9,A,-9,0,0,0,e0a0,b
V02Q4_4,10.649,-9.3362,A,2,0.6364,0,3,e1a2,a
V02Q4_4,10.6503,-9.3362,A,0,0,0,0,e0a0,a
V02Q4_4,10.6515,-9.3362,T,2,0.6357,0,4,e4a0,0
V02Q4_18,10.647,-9.3404,T,2,0.2091,0,10,e8a2,0
V02Q4_13,10.6427,-9.2658,T,2,0.0771,0,5,e3a2,0
V02Q4_15,10.6359,-9.3384,T,1,0,0,0,e0a0,0
V02Q4_15,-999.9,-999.9,A,-9,0,0,0,e0a0,b
V02Q4_15,-999.9,-999.9,A,-9,0,0,0,e0a0,b
V02Q4_16,10.6248,-9.3674,A,2,2.154,0.0002,3,e3a0,0
V02Q4_16,10.6267,-9.3674,T,2,0.2524,0,9,e1a8,0
V02Q4_3,10.6217,-9.3657,T,2,0.317,0.0001,15,e10a5,0
V02Q4_5,-999.9,-999.9,A,-9,0,0,0,e0a0,b
V02Q4_5,10.6022,-9.3296,T,3,0.0538,0,2,e0a2,0
V02Q4_2,10.5916,-9.3655,A,2,0.1124,0,7,e7a0,0
V02Q4_2,10.5931,-9.3655,T,2,0.1125,0,6,e6a0,0
V02Q4_12,-999.9,-999.9,A,-9,0,0,0,e0a0,b
V02Q4_12,10.5836,-9.3229,T,2,0.3154,0,17,e12a5,0
V02Q4_8,10.5802,-9.3326,T,2,0.316,0,13,e13a0,0
V02Q4_17,10.5739,-9.3005,T,2,0.5889,0,3,e3a0,0
V02Q4_7,10.5427,-9.7141,T,2,0.5824,0,5,e1a4,0
V02Q4_1,10.5568,-9.3518,T,2,0.4585,0,14,e9a5,0
V02Q4_10,10.5495,-9.3678,T,2,0.0528,0,3,e0a3,0
V02Q4_11,10.5427,-9.3083,T,2,0.3537,0,14,e10a4,0
V02Q4_14,10.5394,-9.3423,A,2,0.5874,0,10,e9a1,0
V02Q4_14,10.5403,-9.3423,T,0,0,0,0,e0a0,0
V03Q1_19,10.9236,-9.2085,T,2,0.1278,0,12,e11a1,0
V03Q1_5,10.9196,-9.2075,T,2,0.1876,0,9,e8a1,0
V03Q1_9,10.9163,-9.1808,T,2,0.3022,0,11,e9a2,0
V03Q1_9,-999.9,-999.9,A,-9,0,0,0,e0a0,b
V03Q1_6,10.9013,-9.2012,A,1,0,0,0,e0a0,a
V03Q1_6,10.9028,-9.2012,T,0,0,0,0,e0a0,0
V03Q1_10,10.898,-9.1005,T,2,0.163,0,8,e8a0,0
V03Q1_11,10.8923,-9.0964,T,2,0.3662,0,11,e7a4,0
V03Q1_14,10.881,-9.1951,T,2,0.179,0.0001,10,e9a1,0
V03Q1_17,10.8742,-9.1246,T,1,0,0,0,e0a0,0
V03Q1_13,10.8634,-9.1478,T,2,0.0974,0,5,e5a0,0
V03Q1_12,10.8592,-9.1382,T,2,0.4825,0,13,e6a7,0
V03Q1_16,10.8507,-9.1053,T,1,0,0,0,e0a0,0
V03Q1_4,10.848,-9.1368,T,2,0.0505,0,9,e9a0,0
V03Q1_18,10.8417,-9.1749,T,2,0.4464,0,6,e3a3,0
V03Q1_8,10.8379,-9.1843,T,2,0.0778,0,6,e5a1,0
V03Q1_3,10.8348,-9.1448,T,2,0.05,0.0002,5,e5a0,0
V03Q1_1,10.8314,-9.1536,T,2,0.0504,0,0,e0a0,0
V03Q1_15,10.8231,-9.0925,T,2,0.2523,0,9,e9a0,0
V03Q1_2,10.8195,-9.1256,T,2,0.0503,0,7,e7a0,0
V03Q2_14,10.7708,-9.1932,T,2,0.0603,0,10,e10a0,0
V03Q2_14,-999.9,-999.9,A,-9,0,0,0,e0a0,b
V03Q2_16,10.7648,-9.1011,T,2,0.2017,0,12,e11a1,0
V03Q2_15,10.7575,-9.1252,T,2,0.3314,0,12,e11a1,0
V03Q2_10,10.7542,-9.1658,T,2,0.6565,0,6,e4a2,0
V03Q2_11,10.751,-9.1333,T,2,0.1784,0,4,e0a4,0
V03Q2_9,10.7429,-9.144,A,3,0.4393,0,5,e2a3,a
V03Q2_9,10.7483,-9.144,T,0,0,0,0,e0a0,0
V03Q2_12,10.7405,-9.1625,T,2,0.6513,0,7,e4a3,0
V03Q2_17,10.737,-9.1309,T,2,0.1783,0,11,e9a2,0
V03Q2_8,10.7275,-9.1204,T,2,0.1778,0,6,e5a1,0
V03Q2_1,10.7239,-9.1111,T,2,0.2018,0,9,e7a2,0
V03Q2_1,-999.9,-999.9,A,-9,0,0,0,e0a0,b
V03Q2_19,10.7117,-9.1484,T,2,0.168,0.0002,4,e1a3,0
V03Q2_13,10.7036,-9.1839,T,3,0.2581,0,2,e2a0,0
V03Q2_21,10.6984,-9.1613,T,3,0.0468,0,0,e0a0,0
V03Q2_2,10.693,-9.1404,A,3,0.0832,0,1,e1a0,0
V03Q2_2,10.6962,-9.1404,T,0,0,0,0,e0a0,0
V03Q2_20,10.6837,-9.1013,T,2,0.4472,0,5,e1a4,0
V03Q2_7,10.6705,-9.1415,T,2,0.3012,0,7,e5a2,0
V03Q2_6,10.6671,-9.1471,T,3,0.0478,0,3,e0a3,0
V03Q2_3,10.6648,-9.1563,T,2,0.3626,0,7,e3a4,0
V03Q2_5,10.6612,-9.1477,T,2,0.5439,0,7,e4a3,0
V03Q3_7,10.7688,-9.365,T,2,0.1307,0,4,e1a3,0
V03Q3_8,10.7658,-9.3508,T,2,0.0768,0,4,e3a1,0
V03Q3_9,10.7625,-9.3725,T,2,0.0799,0,3,e0a3,0
V03Q3_9,-999.9,-999.9,A,-9,0,0,0,e0a0,b
V03Q3_25,10.7582,-9.2686,T,2,0.3655,0,8,e5a3,0
V03Q3_24,10.7549,-9.3426,T,3,0.4249,0,4,e1a3,0
V03Q3_12,10.7303,-9.3717,T,0,0,0,0,e0a0,0
V03Q3_12,10.7332,-9.3717,A,2,0.4279,0,9,e9a0,a
V03Q3_12,-999.9,-999.9,A,-9,0,0,0,e0a0,b
V03Q3_23,10.7269,-9.2678,T,0,0,0,0,e0a0,0
V03Q3_14,10.7216,-9.3245,T,2,0.3653,0,5,e2a3,0
V03Q3_18,10.717,-9.3585,T,2,0.3841,0,12,e8a4,0
V03Q3_17,10.7137,-9.355,T,2,0.4402,0,11,e8a3,0
V03Q3_16,10.7069,-9.3536,T,2,0.0757,0,6,e5a1,0
V03Q3_22,10.702,-9.3189,T,3,0.4285,0,0,e0a0,0
V03Q3_15,10.6963,-9.2971,A,2,0.0744,0,4,e1a3,0
V03Q3_15,10.6983,-9.2971,T,0,0,0,0,e0a0,0
V03Q3_2,10.6932,-9.3113,T,2,0.399,0.0001,9,e5a4,0
V03Q3_5,10.6856,-9.3197,T,3,0.4977,0,4,e3a1,0
V03Q3_19,10.683,-9.3037,T,2,0.3893,0,12,e9a3,0
V03Q3_4,10.6778,-9.2666,T,2,0.5147,0,10,e7a3,0
V03Q3_20,10.6753,-9.2941,T,2,0.0489,0,9,e9a0,0
V03Q3_21,10.6692,-9.3195,T,2,0.0775,0,8,e8a0,0
V03Q3_6,10.6648,-9.2645,T,2,0.3148,0,11,e8a3,0
V03Q4_12,10.9223,-9.3036,A,2,0.4613,0,9,e5a4,0
V03Q4_12,10.9242,-9.3036,T,0,0,0,0,e0a0,0
V03Q4_24,10.9156,-9.3231,T,2,0.5359,0,6,e1a5,0
V03Q4_9,10.9067,-9.3432,A,2,0.4881,0,6,e2a4,0
V03Q4_9,10.9114,-9.3432,T,3,0.48,0,0,e0a0,0
V03Q4_11,10.9056,-9.2584,T,2,0.5114,0,12,e12a0,0
V03Q4_8,10.8997,-9.2852,T,2,0.2084,0,10,e9a1,0
V03Q4_21,10.7951,-9.7141,T,3,0.0988,0,6,e4a2,0
V03Q4_14,10.8837,-9.2804,T,2,0.0555,0,2,e0a2,0
V03Q4_15,10.8804,-9.3363,T,2,0.3859,0,8,e5a3,0
V03Q4_13,10.8707,-9.3041,T,2,0.2995,0,7,e2a5,0
V03Q4_6,10.8668,-9.29,T,2,0.1851,0,9,e8a1,0
V03Q4_22,10.8628,-9.3352,T,2,0.4809,0,8,e6a2,0
V03Q4_4,10.8561,-9.2847,T,2,0.1886,0,10,e9a1,0
V03Q4_2,10.8495,-9.2596,A,3,0.0199,0,4,e3a1,0
V03Q4_2,10.8519,-9.2596,T,0,0,0,0,e0a0,0
V03Q4_3,10.8449,-9.2797,T,2,0.5685,0,4,e2a2,0
V03Q4_1,10.842,-9.2656,T,2,0.3857,0,16,e16a0,0
V03Q4_18,10.8384,-9.284,T,2,0.4477,0,10,e8a2,0
V03Q4_19,10.8339,-9.2758,T,2,0.5374,0,5,e3a2,0
V03Q4_19,10.8362,-9.2758,A,0,0,0,0,e0a0,0
V03Q4_16,10.8269,-9.272,A,2,0.0785,0,4,e1a3,a
V03Q4_16,10.8286,-9.272,T,0,0,0,0,e0a0,0
V03Q4_23,-999.9,-999.9,A,-9,0,0,0,e0a0,b
V03Q4_23,10.8169,-9.2781,T,2,0.3394,0,8,e3a5,0
V03Q4_17,10.8135,-9.3587,T,2,0.4477,0,5,e5a0,0
V04Q1_5,-999.9,-999.9,A,-9,0,0,0,e0a0,b
V04Q1_5,10.3798,-9.4703,A,2,0.2959,0,14,e10a4,0
V04Q1_5,10.3834,-9.4703,T,3,0.4936,0,4,e4a0,0
V04Q1_19,10.3716,-9.4049,T,2,0.3029,0,12,e10a2,0
V04Q1_17,10.3694,-9.4236,T,2,0.304,0.0001,7,e1a6,0
V04Q1_4,10.3665,-9.4745,T,3,0.5664,0,5,e3a2,a
V04Q1_4,10.3668,-9.4745,A,2,0.5658,0,5,e3a2,0
V04Q1_20,10.3622,-9.3991,T,1,0,0,0,e0a0,0
V04Q1_12,10.3593,-9.4649,T,2,0.2036,0,9,e9a0,0
V04Q1_21,10.354,-9.4579,T,2,0.0958,0,9,e8a1,0
V04Q1_11,10.3484,-9.4719,T,2,0.0956,0,10,e10a0,0
V04Q1_10,10.342,-9.4376,T,2,0.3041,0,11,e7a4,0
V04Q1_3,10.336,-9.5019,T,2,0.3942,0,13,e8a5,0
V04Q1_9,10.3245,-9.4401,T,2,0.4754,0,8,e3a5,0
V04Q1_1,10.3116,-9.3977,A,2,0.5917,0,6,e2a4,a
V04Q1_1,10.3147,-9.3977,T,3,0.3924,0,4,e4a0,0
V04Q1_22,10.3078,-9.4263,T,2,0.5196,0,6,e3a3,0
V04Q1_2,10.3036,-9.4291,T,2,0.1777,0,8,e7a1,0
V04Q1_26,10.2993,-9.4034,T,1,0,0,0,e0a0,0
V04Q1_26,-999.9,-999.9,A,-9,0,0,0,e0a0,b
V04Q1_23,-999.9,-999.9,A,-9,0,0,0,e0a0,b
V04Q1_23,10.2901,-9.4295,T,2,0.398,0.0002,13,e9a4,0
V04Q1_25,10.2844,-9.4882,T,3,0.6526,0,2,e1a1,0
V04Q1_13,10.3205,-9.4011,T,2,0.6567,0,9,e9a0,0
V04Q1_6,10.2762,-9.4117,T,2,0.3924,0,17,e15a2,0
V04Q1_24,10.2737,-9.4081,T,2,0.3971,0,5,e0a5,0
V04Q1_16,10.27,-9.391,T,2,0.4046,0,7,e3a4,0
V04Q2_15,-999.9,-999.9,A,-9,0,0,0,e0a0,b
V04Q2_15,10.2308,-9.3929,T,0,0,0,0,e0a0,0
V04Q2_15,10.2324,-9.3929,A,2,0.5149,0,8,e4a4,a
V04Q2_22,10.2278,-9.415,T,2,0.1602,0,3,e3a0,0
V04Q2_21,10.2233,-9.4182,T,2,0.0481,0,6,e5a1,0
V04Q2_3,10.2185,-9.4779,T,2,0.3647,0,17,e12a5,0
V04Q2_17,10.2134,-9.4931,T,2,1.121,0.0007,4,e2a2,0
V04Q2_20,10.201,-9.4145,T,2,0.6266,0,4,e0a4,0
V04Q2_20,-999.9,-999.9,A,-9,0.434,0.0002,5,e5a0,b
V04Q2_20,10.2039,-9.4145,A,2,0.4591,0,16,e12a4,0
V04Q2_23,10.1915,-9.4574,T,2,0.3843,0,12,e9a3,0
V04Q2_24,10.1889,-9.4074,T,2,0.512,0.0003,7,e4a3,0
V04Q2_2,10.1823,-9.4746,A,2,0.3305,0,10,e5a5,0
V04Q2_2,10.1841,-9.4746,T,3,0.6252,0,4,e2a2,0
V04Q2_14,10.1809,-9.4963,T,2,0.1193,0,6,e5a1,0
V04Q2_4,10.1633,-9.4969,A,2,0.0656,0,7,e7a0,0
V04Q2_4,10.1643,-9.4969,T,2,0.3803,0,10,e5a5,0
V04Q2_11,10.1607,-9.4284,T,2,0.4576,0,11,e9a2,0
V04Q2_27,10.1545,-9.445,T,2,0.2951,0,9,e9a0,0
V04Q2_26,10.1496,-9.3977,T,2,0.5155,0,6,e2a4,0
V04Q2_1,10.1434,-9.4285,T,2,0.3789,0,14,e10a4,0
V04Q2_6,10.1385,-9.4116,T,2,0.3015,0,14,e10a4,0
V04Q2_9,10.1326,-9.4095,T,2,0.3015,0,11,e4a7,0
V04Q2_8,10.1296,-9.458,T,2,0.1232,0,11,e9a2,0
V04Q2_5,10.1272,-9.4209,T,1,0,0,0,e0a0,0
V04Q2_28,10.1247,-9.4025,T,2,0.3025,0,16,e10a6,0
V04Q3_11,10.2218,-9.5849,A,2,0.4553,0,6,e0a6,0
V04Q3_11,10.2256,-9.5849,T,2,0.0556,0,5,e4a1,0
V04Q3_2,10.2195,-9.6784,T,2,0.16,0.0001,7,e7a0,0
V04Q3_10,10.1985,-9.6585,T,2,0.2991,0,9,e5a4,0
V04Q3_9,10.1958,-9.637,T,2,0.2452,0,12,e9a3,0
V04Q3_3,10.1873,-9.5587,T,2,0.2116,0,10,e7a3,0
V04Q3_8,10.1849,-9.6753,T,2,0.2959,0,11,e8a3,0
V04Q3_25,10.1824,-9.662,T,2,0.4037,0,13,e10a3,0
V04Q3_24,10.1761,-9.6013,A,2,0.3789,0,11,e8a3,0
V04Q3_24,10.1799,-9.6013,T,0,0,0,0,e0a0,0
V04Q3_1,10.173,-9.6383,T,3,0.1141,0,2,e1a1,0
V04Q3_5,10.1677,-9.6243,T,2,0.1898,0,11,e11a0,0
V04Q3_7,10.1625,-9.6445,T,2,0.2544,0,8,e6a2,0
V04Q3_17,10.1523,-9.6088,T,2,0.6109,0,4,e1a3,0
V04Q3_23,10.1462,-9.6278,T,3,0.4875,0,7,e3a4,0
V04Q3_18,10.1427,-9.6474,T,3,0.359,0.0001,2,e1a1,0
V04Q3_22,10.1389,-9.6452,T,2,0.4499,0,11,e6a5,0
V04Q3_21,10.134,-9.6199,T,1,0,0,0,e0a0,0
V04Q3_21,-999.9,-999.9,A,-9,0,0,0,e0a0,b
V04Q3_20,10.1258,-9.5917,A,1,0,0,0,e0a0,0
V04Q3_20,10.1296,-9.5917,T,0,0,0,0,e0a0,0
V04Q3_26,10.121,-9.6284,T,2,0.1519,0,10,e9a1,0
V04Q4_7,10.7951,-9.7141,T,2,0.429,0.0002,11,e7a4,0
V04Q4_15,10.3775,-9.5845,T,2,0.397,0.0002,8,e3a5,0
V04Q4_11,10.3685,-9.5964,A,2,0.3923,0,13,e7a6,0
V04Q4_11,10.3725,-9.5964,T,2,0.4811,0,6,e6a0,0
V04Q4_13,10.3665,-9.5678,T,2,0.2324,0,12,e9a3,0
V04Q4_14,10.3606,-9.5935,T,2,0.578,0,5,e5a0,0
V04Q4_17,10.3576,-9.5871,T,2,2.745,0,1,e1a0,0
V04Q4_16,10.352,-9.5682,T,2,0.3989,0,16,e13a3,0
V04Q4_18,10.3466,-9.5625,T,2,0.2784,0,10,e4a6,0
V04Q4_19,10.3432,-9.5944,T,2,0.3918,0,12,e9a3,0
V04Q4_8,10.3223,-9.6112,A,2,0.155,0.0001,6,e4a2,0
V04Q4_8,10.3257,-9.6112,T,0,0,0,0,e0a0,0
V04Q4_8,10.3275,-9.6112,A,0,0,0,0,e0a0,0
V04Q4_9,10.3148,-9.6546,T,2,0.2519,0,9,e4a5,0
V04Q4_1,10.3116,-9.6087,T,2,0.1234,0,7,e7a0,0
V04Q4_10,10.3078,-9.6406,T,2,0.1759,0,4,e0a4,0
V04Q4_5,10.2975,-9.6534,A,2,0.4296,0,14,e9a5,a
V04Q4_5,10.2994,-9.6534,T,0,0,0,0,e0a0,0
V04Q4_2,10.2916,-9.6011,A,2,0.4293,0,7,e4a3,0
V04Q4_2,10.2936,-9.6011,T,0,0,0,0,e0a0,0
V04Q4_21,10.2884,-9.5733,T,2,0.4291,0,17,e16a1,0
V04Q4_4,10.2819,-9.6295,T,2,0.0663,0,3,e0a3,0
V04Q4_23,10.2787,-9.6242,T,3,0.0604,0,2,e0a2,0
V04Q4_3,10.2753,-9.6345,T,2,0.429,0,11,e11a0,0
V05Q1_1,10.5467,-9.4722,T,0,0,0,0,e0a0 ,d
V05Q1_2,10.5625,-9.4745,T,0,0,0,0,e0a0 ,d
V05Q1_3,10.5667,-9.4321,T,0,0,0,0,e0a0 ,d
V05Q1_4,10.5751,-9.4664,T,0,0,0,0,e0a0 ,d
V05Q1_5,10.5835,-9.3991,T,0,0,0,0,e0a0 ,d
V05Q1_6,10.6032,-9.4041,T,0,0,0,0,e0a0 ,d
V05Q1_7,10.6248,-9.4604,T,0,0,0,0,e0a0 ,d
V05Q1_9,10.5793,-9.504,T,0,0,0,0,e0a0 ,d
V05Q1_10,10.615,-9.5071,T,0,0,0,0,e0a0 ,d
V05Q1_12,10.5419,-9.4294,T,0,0,0,0,e0a0 ,d
V05Q1_13,10.5528,-9.4995,T,0,0,0,0,e0a0 ,d
V05Q1_14,10.5941,-9.491,T,0,0,0,0,e0a0 ,d
V05Q1_15,10.5914,-9.5027,T,0,0,0,0,e0a0 ,d
V05Q1_16,10.5883,-9.4016,T,0,0,0,0,e0a0 ,d
V05Q1_18,10.6083,-9.4409,T,0,0,0,0,e0a0 ,d
V05Q1_19,10.62,-9.4831,T,0,0,0,0,e0a0 ,d
V05Q1_20,10.6517,-9.4984,T,0,0,0,0,e0a0 ,d
V05Q1_21,10.633,-9.4447,T,0,0,0,0,e0a0 ,d
V05Q1_22,10.6362,-9.4732,T,0,0,0,0,e0a0 ,d
V05Q1_24,10.643,-9.4784,T,0,0,0,0,e0a0 ,d
V05Q1_25,10.6395,-9.4239,T,0,0,0,0,e0a0 ,d
V05Q1_27,10.6558,-9.4176,T,0,0,0,0,e0a0 ,d
V05Q2_14,-999.9,-999.9,A,-9,0.3136,0.0002,8,e8a0 ,b
V05Q2_14,10.504,-9.458,T,0,0,0,0,e0a0 ,0
V05Q2_14,10.5051,-9.458,A,2,0.3141,0.0001,14,e12a2 ,0
V05Q2_5,10.4959,-9.4137,T,2,0.5711,0.0001,3,e3a0 ,0
V05Q2_13,10.4865,-9.4065,T,1,0,0,0,e0a0 ,0
V05Q2_15,10.4783,-9.4357,T,3,0.0559,0,2,e0a2 ,0
V05Q2_4,10.4751,-9.4659,T,3,0.5794,0.0004,5,e2a3 ,0
V05Q2_16,10.4688,-9.479,T,3,0.4017,0,0,e0a0 ,0
V05Q2_17,10.4658,-9.4627,T,2,0.3134,0.0001,10,e9a1 ,0
V05Q2_23,10.4617,-9.4657,T,2,0.4215,0.0001,11,e11a0 ,0
V05Q2_22,10.4578,-9.4606,T,3,0.1971,0.0002,4,e3a1 ,0
V05Q2_12,10.4543,-9.4686,T,2,0.2035,0,9,e8a1 ,0
V05Q2_19,10.4507,-9.4415,T,3,0.4179,0,0,e0a0 ,0
V05Q2_18,10.4454,-9.4807,T,2,0.4335,0.0003,9,e5a4 ,0
V05Q2_9,10.4365,-9.4943,A,2,0.4431,0.0002,12,e10a2 ,a
V05Q2_9,10.4392,-9.4943,T,3,0.4199,0,0,e0a0 ,0
V05Q2_11,10.4349,-9.4587,T,2,0.4219,0.0001,10,e7a3 ,0
V05Q2_11,-999.9,-999.9,A,-9,0.4236,0.0002,1,e1a0 ,b
V05Q2_24,10.4318,-9.4638,T,2,0.0559,0,2,e0a2 ,0
V05Q2_24,-999.9,-999.9,A,-9,0.2904,0.0001,1,e1a0 ,b
V05Q2_8,10.4162,-9.5072,T,3,0.3092,0.0002,4,e4a0 ,0
V05Q2_8,10.4181,-9.5072,A,2,0.4267,0.0001,11,e9a2 ,0
V05Q2_7,10.4078,-9.4229,T,2,0.1306,0.0001,9,e9a0 ,0
V05Q2_6,10.4033,-9.4507,T,3,0.5384,0.0003,5,e2a3 ,0
V05Q2_3,10.4008,-9.4295,T,2,0.5433,0.0002,5,e4a1 ,0
V05Q2_2,10.3959,-9.4984,T,2,0.3017,0.0001,5,e3a2 ,0
V05Q2_1,10.3919,-9.4337,T,2,0.0559,0,4,e0a4 ,0
V05Q3_14,-999.9,-999.9,A,-9,0,0,0,e0a0 ,b
V05Q3_14,10.504,-9.6526,T,2,0.052,0,6,e4a2 ,0
V05Q3_14,10.5028,-9.6526,A,0,0,0,0,e0a0 ,a
V05Q3_15,10.4959,-9.6462,T,2,0.1544,0.0001,10,e9a1 ,0
V05Q3_7,10.4865,-9.6032,T,2,0.3028,0.0001,11,e8a3 ,0
V05Q3_6,10.4783,-9.6654,T,2,0.3146,0.0002,9,e6a3 ,0
V05Q3_9,10.4751,-9.6569,T,2,0.3132,0.0001,14,e12a2 ,0
V05Q3_10,10.4688,-9.6459,T,2,0.0539,0,10,e10a0 ,0
V05Q3_11,10.4658,-9.6582,T,3,0.0747,0,3,e3a0 ,0
V05Q3_23,-999.9,-999.9,A,-9,0,0,0,e0a0 ,b
V05Q3_23,10.4547,-9.5633,A,2,0.4509,0.0002,8,e8a0 ,0
V05Q3_23,10.4543,-9.5633,T,0,0,0,0,e0a0 ,0
V05Q3_20,10.4507,-9.6028,T,2,0.512,0.0001,6,e6a0 ,0
V05Q3_13,10.4454,-9.6759,T,2,0.436,0.0004,2,e0a2 ,0
V05Q3_21,10.4392,-9.5924,T,2,0.3407,0.0002,10,e8a2 ,0
V05Q3_19,10.4392,-9.6493,T,2,0.0676,0,9,e9a0 ,0
V05Q3_16,10.4349,-9.6186,T,2,0.0762,0,8,e7a1 ,0
V05Q3_18,10.4349,-9.6483,T,2,0.3288,0.0001,5,e0a5 ,0
V05Q3_4,-999.9,-999.9,A,-9,0,0,0,e0a0 ,b
V05Q3_4,10.4318,-9.6597,T,2,0.1514,0.0001,6,e5a1 ,0
V05Q3_5,10.4162,-9.574,T,2,0.4528,0.0001,10,e6a4 ,0
V05Q3_1,10.4162,-9.6309,T,2,0.1544,0,8,e7a1 ,0
V05Q3_3,10.4046,-9.6629,A,2,0.1516,0,10,e9a1 ,0
V05Q3_3,10.4033,-9.6629,T,0,0,0,0,e0a0 ,0
V05Q3_2,10.4008,-9.6151,T,2,0.1874,0.0001,8,e8a0 ,0
V05Q3_17,10.3959,-9.6155,T,2,0.5489,0.0007,2,e0a2 ,0
V05Q4_2,10.6533,-9.6719,T,0,0,0,0,e0a0 ,d
V05Q4_3,10.6456,-9.5963,T,0,0,0,0,e0a0 ,d
V05Q4_4,10.6235,-9.6631,T,0,0,0,0,e0a0 ,d
V05Q4_5,10.6099,-9.6341,T,0,0,0,0,e0a0 ,d
V05Q4_6,10.6155,-9.6227,T,0,0,0,0,e0a0 ,d
V05Q4_8,10.5304,-9.6072,T,0,0,0,0,e0a0 ,d
V05Q4_9,10.6504,-9.6662,T,0,0,0,0,e0a0 ,d
V05Q4_12,10.6062,-9.5941,T,0,0,0,0,e0a0 ,d
V05Q4_13,10.6029,-9.6602,T,0,0,0,0,e0a0 ,d
V05Q4_14,10.5961,-9.5954,T,0,0,0,0,e0a0 ,d
V05Q4_15,10.5875,-9.6438,T,0,0,0,0,e0a0 ,d
V05Q4_16,10.5738,-9.6565,T,0,0,0,0,e0a0 ,d
V05Q4_17,10.5693,-9.5561,T,0,0,0,0,e0a0 ,d
V05Q4_18,10.5576,-9.603,T,0,0,0,0,e0a0 ,d
V05Q4_19,10.5537,-9.6082,T,0,0,0,0,e0a0 ,d
V05Q4_21,10.5416,-9.6364,T,0,0,0,0,e0a0 ,d
V05Q4_22,10.5824,-9.5897,T,0,0,0,0,e0a0 ,d
V05Q4_23,10.6425,-9.6506,T,0,0,0,0,e0a0 ,d
V05Q4_24,10.6305,-9.6181,T,0,0,0,0,e0a0 ,d
V05Q4_25,10.6194,-9.6436,T,0,0,0,0,e0a0 ,d
V05Q4_26,10.5775,-9.644,T,0,0,0,0,e0a0 ,d
V06Q1_12,10.9248,-9.4278,T,2,0.3299,0,14,e13a1,0
V06Q1_25,10.9215,-9.4941,T,2,0.1865,0,4,e1a3,0
V06Q1_18,10.9124,-9.3941,T,0,0,0,0,e0a0,0
V06Q1_18,-999.9,-999.9,A,-9,0,0,0,e0a0,b
V06Q1_19,10.9067,-9.4662,T,0,0,0,0,e0a0,0
V06Q1_17,10.9031,-9.4114,T,2,0.3895,0,7,e7a0,0
V06Q1_14,-999.9,-999.9,A,-9,0,0,0,e0a0,b
V06Q1_14,10.8921,-9.4323,T,2,0.1492,0,8,e8a0,0
V06Q1_15,10.8872,-9.4281,T,0,0,0,0,e0a0,0
V06Q1_8,10.8518,-9.4408,T,0,0,0,0,e0a0,0
V06Q1_4,10.827,-9.417,T,0,0,0,0,e0a0,0
V06Q1_4,-999.9,-999.9,A,-9,0,0,0,e0a0,b
V06Q1_1,10.8154,-9.3953,T,3,0.3907,0,3,e3a0,0
V06Q2_11,10.772,-9.4258,T,2,0.0542,0,3,e0a3,0
V06Q2_11,-999.9,-999.9,A,-9,0,0,0,e0a0,b
V06Q2_12,10.7668,-9.4661,T,2,0.1872,0,3,e0a3,0
V06Q2_14,10.764,-9.4663,T,2,0.1876,0,3,e0a3,0
V06Q2_15,10.7605,-9.4878,T,0,0,0,0,e0a0,0
V06Q2_16,10.7561,-9.4863,T,2,0.2464,0,15,e11a4,0
V06Q2_17,10.747,-9.4007,T,2,0.0752,0,3,e1a2,0
V06Q2_18,10.7409,-9.4618,T,2,0.0846,0,9,e8a1,0
V06Q2_13,10.9874,-9.4054,T,2,0.0958,0,5,e5a0,0
V06Q2_19,10.7313,-9.4986,A,2,0.3936,0,9,e4a5,0
V06Q2_19,10.7328,-9.4986,T,2,0.3936,0,11,e10a1,0
V06Q2_4,10.7301,-9.4486,T,2,0.1863,0,11,e10a1,0
V06Q2_22,10.7168,-9.4863,T,2,0.0956,0,8,e6a2,0
V06Q2_22,-999.9,-999.9,A,-9,0,0,0,e0a0,b
V06Q2_2,10.705,-9.4897,T,2,0.0957,0,4,e3a1,0
V06Q2_3,10.7018,-9.4248,T,2,0.0789,0,7,e6a1,0
V06Q2_24,10.6965,-9.4702,T,2,0.13,0.0001,9,e7a2,0
V06Q2_24,-999.9,-999.9,A,-9,0,0,0,e0a0,b
V06Q2_26,10.6899,-9.4556,T,2,0.0604,0,7,e7a0,0
V06Q2_1,10.6777,-9.4815,T,2,0.0956,0,10,e9a1,0
V06Q2_7,10.675,-9.4675,T,2,1.27,0,3,e1a2,0
V06Q2_6,10.6677,-9.3992,T,2,0.0549,0,3,e0a3,0
V06Q2_27,10.6614,-9.4748,T,2,0.3532,0,14,e11a3,0
V06Q2_27,-999.9,-999.9,A,-9,0,0,0,e0a0,b
V06Q3_23,10.7625,-9.6105,A,2,0.331,0.0002,8,e2a6,0
V06Q3_23,10.7659,-9.6105,T,2,0.3634,0,3,e3a0,0
V06Q3_6,10.7597,-9.6733,T,2,0.4896,0,2,e0a2,0
V06Q3_22,10.7546,-9.6127,T,2,0.4878,0,6,e1a5,0
V06Q3_7,10.748,-9.63,T,2,0.4807,0,7,e3a4,0
V06Q3_9,10.7419,-9.6452,T,2,0.4875,0,5,e0a5,0
V06Q3_25,10.7352,-9.6001,A,2,0.4268,0,4,e0a4,0
V06Q3_25,10.7373,-9.6001,T,0,0,0,0,e0a0,0
V06Q3_10,10.7334,-9.651,T,2,0.1825,0,7,e6a1,0
V06Q3_11,10.7282,-9.5752,A,2,0.4229,0,13,e10a3,0
V06Q3_11,10.7308,-9.5752,T,0,0,0,0,e0a0,0
V06Q3_12,10.7237,-9.6305,A,2,0.4307,0,13,e10a3,0
V06Q3_12,10.7257,-9.6305,T,0,0,0,0,e0a0,0
V06Q3_21,-999.9,-999.9,A,-9,0,0,0,e0a0,b
V06Q3_21,10.7153,-9.6656,T,2,0.5005,0,10,e7a3,0
V06Q3_1,10.7074,-9.6264,A,2,0.1826,0,10,e9a1,0
V06Q3_1,10.7097,-9.6264,T,0,0,0,0,e0a0,0
V06Q3_20,10.7055,-9.6567,T,2,0.3986,0,9,e9a0,0
V06Q3_20,-999.9,-999.9,A,-9,0,0,0,e0a0,b
V06Q3_3,10.7005,-9.5817,T,2,0.1888,0,6,e5a1,0
V06Q3_2,10.6976,-9.6053,T,2,0.1832,0,9,e8a1,0
V06Q3_24,10.9426,-9.6274,T,2,0.3981,0,7,e0a7,0
V06Q3_16,10.6823,-9.6453,T,2,0.4264,0,11,e10a1,0
V06Q3_15,10.6774,-9.6488,T,2,0.1831,0,13,e11a2,0
V06Q3_17,10.6728,-9.6559,T,2,0.2684,0,11,e9a2,0
V06Q3_18,10.6636,-9.6136,T,2,0.4934,0,5,e1a4,0
V06Q3_13,10.6606,-9.6106,T,2,0.0958,0,8,e8a0,0
V06Q4_11,10.9217,-9.6531,A,0,0,0,0,e0a0,a
V06Q4_11,10.924,-9.6531,T,2,0.3807,0,10,e7a3,0
V06Q4_19,10.9196,-9.5683,T,2,0.3041,0,7,e0a7,0
V06Q4_17,10.9149,-9.6042,T,2,0.2919,0,7,e5a2,0
V06Q4_13,10.9096,-9.613,T,2,0.0554,0,9,e8a1,0
V06Q4_18,10.9075,-9.5806,T,2,0.1225,0,7,e7a0,0
V06Q4_27,10.8953,-9.5764,T,0,0,0,0,e0a0,0
V06Q4_21,10.8897,-9.5728,T,2,0.4273,0,10,e6a4,0
V06Q4_21,-999.9,-999.9,A,-9,0,0,0,e0a0,b
V06Q4_14,10.8858,-9.5786,T,2,0.3,0,16,e16a0,0
V06Q4_23,10.8822,-9.6392,T,2,0.2338,0,5,e2a3,0
V06Q4_22,10.8783,-9.6161,T,2,0.3934,0,12,e10a2,0
V06Q4_24,10.8757,-9.6378,T,2,0.3946,0,6,e1a5,0
V06Q4_15,10.8693,-9.5707,T,2,0.3152,0,14,e10a4,0
V06Q4_26,10.867,-9.6031,T,2,0.676,0.0002,6,e3a3,0
V06Q4_25,10.8599,-9.6217,A,2,0.4808,0,7,e1a6,0
V06Q4_25,10.8613,-9.6217,T,0,0,0,0,e0a0,0
V06Q4_9,10.856,-9.6287,T,2,0.1029,0,8,e8a0,0
V06Q4_7,10.853,-9.6613,T,2,0.154,0.0002,5,e3a2,0
V06Q4_1,10.8477,-9.6049,T,2,0.1307,0,5,e4a1,0
V06Q4_3,10.8418,-9.5896,T,2,0.5003,0,10,e7a3,0
V06Q4_2,10.8389,-9.6139,T,2,0.1882,0,8,e7a1,0
V06Q4_16,10.8278,-9.6484,T,2,0.3,0.0002,9,e7a2,0
V06Q4_4,10.8239,-9.618,T,2,0.1887,0,13,e10a3,0
V06Q4_12,10.8197,-9.649,T,2,0.3798,0,14,e8a6,0
V06Q4_28,10.8133,-9.5904,T,0,0,0,0,e0a0,0
V06Q4_28,0.8162,-9.5904,A,0,0,0,0,e0a0,0
V07Q1_9,-999.9,-999.9,A,-9,0,0,0,e0a0,b
V07Q1_9,10.3813,-9.7932,T,2,0.2341,0,8,e5a3,0
V07Q1_11,10.3762,-9.7524,T,2,0.2943,0,8,e8a0,0
V07Q1_21,10.3728,-9.7469,T,1,0,0,0,e0a0,0
V07Q1_10,10.3675,-9.7497,T,2,0.0954,0,11,e10a1,0
V07Q1_12,10.3635,-9.768,T,2,0.4271,0,12,e7a5,0
V07Q1_13,10.3551,-9.7555,A,2,0.0656,0,8,e8a0,0
V07Q1_13,10.3605,-9.7555,T,3,0.0655,0,2,e0a2,0
V07Q1_14,10.3504,-9.7371,T,2,0.4274,0,14,e14a0,0
V07Q1_22,-999.9,-999.9,A,-9,0,0,0,e0a0,b
V07Q1_22,10.3265,-9.7931,T,1,0,0,0,e0a0,0
V07Q1_7,-999.9,-999.9,A,-9,0,0,0,e0a0,b
V07Q1_7,10.3184,-9.7211,T,2,0.1548,0,9,e8a1,0
V07Q1_16,10.3123,-9.6903,T,3,0.2097,0,3,e0a3,0
V07Q1_6,10.308,-9.741,T,2,0.1878,0,8,e7a1,0
V07Q1_18,10.3044,-9.7102,T,2,0.3108,0,11,e9a2,0
V07Q1_17,10.2954,-9.7138,T,3,0,0,0,e0a0,0
V07Q1_24,10.289,-9.8002,T,1,0,0,0,e0a0,0
V07Q1_23,10.281,-9.7262,T,2,0.4304,0,7,e7a0,0
V07Q1_4,-999.9,-999.9,A,-9,0,0,0,e0a0,b
V07Q1_4,10.2704,-9.7784,A,3,0.0851,0,2,e2a0,0
V07Q1_4,10.272,-9.7784,A,2,0.0853,0,3,e1a2,0
V07Q1_4,10.2738,-9.7784,T,2,0.0853,0,5,e5a0,0
V07Q1_4,10.275,-9.7784,A,0,0,0,0,e0a0,0
V07Q2_7,10.2281,-9.7649,T,2,0.1818,0,12,e11a1,0
V07Q2_8,10.223,-9.7486,T,2,0.0787,0,10,e10a0,0
V07Q2_10,10.2204,-9.7266,T,2,0.1867,0,9,e9a0,0
V07Q2_9,10.215,-9.7559,T,3,0.4754,0,5,e3a2,0
V07Q2_11,10.2124,-9.7876,T,2,0.2969,0,8,e8a0,0
V07Q2_13,10.2085,-9.734,T,2,0.5497,0,7,e1a6,0
V07Q2_12,10.2055,-9.6905,T,2,0.2545,0,10,e9a1,0
V07Q2_14,10.203,-9.7204,T,2,0.1627,0,6,e6a0,0
V07Q2_15,10.1992,-9.7893,T,2,0.4021,0,11,e8a3,0
V07Q2_16,10.1968,-9.7679,T,2,0.1541,0,7,e6a1,0
V07Q2_17,10.1928,-9.7429,T,2,0.4271,0,12,e9a3,0
V07Q2_26,10.1903,-9.7454,T,2,0.4252,0,9,e6a3,0
V07Q2_18,10.1821,-9.7961,T,2,0.4984,0,8,e8a0,0
V07Q2_21,10.1758,-9.7675,T,2,0.4579,0,6,e6a0,0
V07Q2_20,10.1735,-9.7971,T,2,0.4971,0,10,e9a1,0
V07Q2_22,10.17,-9.7133,T,2,0.4334,0,8,e6a2,0
V07Q2_23,10.1526,-9.6982,A,2,0.427,0.0002,7,e5a2,0
V07Q2_23,10.1563,-9.6982,T,0,0,0,0,e0a0,0
V07Q2_23,10.1571,-9.6982,A,2,0.6054,0,6,e6a0,0
V07Q2_6,10.1488,-9.7352,T,2,0.254,0.0001,9,e8a1,0
V07Q2_24,10.1438,-9.8268,T,3,0.1736,0,2,e1a1,0
V07Q2_25,10.1301,-9.7027,A,3,0.35,0,1,e1a0,a
V07Q2_25,10.1318,-9.7027,A,2,0.3706,0,12,e11a1,a
V07Q2_25,10.1355,-9.7027,T,2,0.3221,0,6,e6a0,0
V07Q2_5,10.1235,-9.7656,T,2,0.2192,0,11,e9a2,0
V07Q2_4,10.1204,-9.7439,T,2,0.4598,0,11,e5a6,0
V07Q3_20,10.2295,-9.9334,A,2,0.1991,0,8,e7a1,0
V07Q3_20,10.2324,-9.9334,T,0,0,0,0,e0a0,0
V07Q3_21,10.2237,-9.8615,T,2,0.3639,0,8,e6a2,0
V07Q3_19,10.221,-9.8735,T,3,0.5609,0,3,e1a2,0
V07Q3_22,10.2136,-9.9023,T,2,0.426,0.0001,5,e1a4,0
V07Q3_18,10.2099,-9.9066,T,2,0.1989,0,10,e9a1,0
V07Q3_17,10.2059,-9.9141,T,2,0.3294,0,13,e10a3,0
V07Q3_15,10.1997,-9.9472,T,2,0.4019,0,9,e9a0,0
V07Q3_14,10.1941,-9.8846,T,2,0.3717,0,12,e9a3,0
V07Q3_13,10.1858,-9.9212,T,2,0.3766,0,6,e1a5,0
V07Q3_12,10.1724,-9.8609,T,2,0.394,0.0002,8,e6a2,0
V07Q3_11,10.1652,-9.8859,T,2,0.1989,0,8,e6a2,0
V07Q3_10,10.1586,-9.873,T,2,0.4331,0,5,e5a0,0
V07Q3_23,10.1533,-9.8872,T,2,0.2125,0,6,e3a3,0
V07Q3_24,10.1509,-9.8845,T,2,0.4318,0,6,e0a6,0
V07Q3_9,10.1462,-9.9,T,2,0.3774,0,7,e3a4,0
V07Q3_8,10.1403,-9.9227,T,2,0.4344,0,2,e2a0,0
V07Q3_6,10.1256,-9.9453,A,2,0.3618,0,10,e10a0,0
V07Q3_6,10.131,-9.9453,T,0,0,0,0,e0a0,0
V07Q3_5,10.1202,-9.9008,T,2,0.4378,0,9,e5a4,0
V07Q4_7,10.384,-9.8924,T,2,0.2188,0,5,e0a5,0
V07Q4_8,10.3797,-9.9512,T,2,0.4793,0,8,e7a1,0
V07Q4_6,10.3764,-9.9412,T,3,0.0546,0,3,e2a1,0
V07Q4_9,10.3734,-9.9411,T,2,0.3352,0,7,e2a5,0
V07Q4_10,10.3632,-9.9355,T,0,0,0,0,e0a0,0
V07Q4_11,10.3594,-9.9282,T,2,0.3015,0,8,e8a0,0
V07Q4_12,10.3513,-9.9357,T,2,0.188,0.0003,6,e4a2,0
V07Q4_13,10.3417,-9.8797,A,2,0.4196,0,4,e2a2,0
V07Q4_13,10.3476,-9.8797,T,2,0.0548,0,3,e0a3,0
V07Q4_19,10.3371,-9.8745,A,2,0.7453,0,6,e3a3,0
V07Q4_19,10.3371,-9.8745,T,0,0,0,0,e0a0,0
V07Q4_18,10.3308,-9.9404,T,3,1.355,0.0003,2,e2a0,0
V07Q4_14,-999.9,-999.9,A,-9,0,0,0,e0a0,b
V07Q4_14,10.3159,-9.9222,A,2,0.0945,0,10,e9a1,0
V07Q4_14,10.318,-9.9222,T,2,0.6372,0,4,e4a0,0
V07Q4_17,10.3073,-9.8941,T,2,0.078,0.0001,9,e8a1,0
V07Q4_20,10.3029,-9.9577,T,2,0.3776,0,14,e11a3,0
V07Q4_22,-999.9,-999.9,A,-9,0,0,0,e0a0,b
V07Q4_22,10.2935,-9.9036,T,3,0.0558,0,4,e1a3,0
V07Q4_15,10.2886,-9.9284,T,2,0.2976,0,10,e7a3,0
V07Q4_5,10.2848,-9.8873,T,2,0.1136,0,12,e11a1,0
V07Q4_16,10.2797,-9.8979,T,2,0.3727,0,12,e9a3,0
V07Q4_21,10.2753,-9.9351,T,2,0.2988,0,10,e8a2,0
V08Q1_10,10.6531,-9.7249,T,2,0.2508,0,8,e7a1,0
V08Q1_6,10.6508,-9.7782,T,2,0.1546,0,4,e3a1,0
V08Q1_7,10.6455,-9.7764,A,2,0.078,0.0002,6,e6a0,0
V08Q1_7,10.6479,-9.7764,T,3,0.206,0.0003,3,e3a0,0
V08Q1_14,10.6385,-9.7512,A,2,0.4292,0,8,e3a5,0
V08Q1_14,10.6409,-9.7512,T,2,0.577,0.0003,4,e4a0,0
V08Q1_13,10.6342,-9.7522,T,2,0.3122,0,9,e8a1,0
V08Q1_11,10.6308,-9.7478,T,2,0.5703,0,8,e7a1,0
V08Q1_23,10.6252,-9.7827,T,3,0.3141,0,5,e5a0,0
V08Q1_15,10.5987,-9.7478,A,2,0.3128,0,9,e9a0,0
V08Q1_18,10.5987,-9.7478,T,3,0.4159,0.001,2,e0a2,0
V08Q1_18,10.6002,-9.7478,T,3,0.5278,0,2,e0a2,0
V08Q1_16,10.5964,-9.7644,T,2,0.4308,0,16,e16a0,0
V08Q1_8,10.5843,-9.7768,T,2,0.0834,0,10,e9a1,0
V08Q1_12,10.5763,-9.7683,T,2,0.3972,0,10,e9a1,0
V08Q1_22,10.5708,-9.7487,T,2,0.0781,0,6,e5a1,0
V08Q1_9,10.567,-9.7536,T,2,0.4872,0,9,e3a6,0
V08Q1_19,10.5629,-9.7046,T,2,0.1826,0,2,e1a1,0
V08Q1_5,10.5571,-9.7208,T,2,0.3031,0,13,e9a4,0
V08Q1_21,10.5548,-9.7519,T,3,0.0843,0,4,e3a1,0
V08Q1_24,10.5491,-9.6975,T,2,0.1549,0,10,e9a1,0
V08Q1_20,10.5403,-9.7587,T,2,0.2936,0,11,e8a3,0
V08Q2_14,10.4892,-9.7022,A,2,0.5545,0,5,e0a5,0
V08Q2_14,10.4934,-9.7022,T,3,0.6042,0,4,e4a0,0
V08Q2_16,10.4851,-9.7498,A,2,0.4284,0,14,e12a2,0
V08Q2_16,10.4876,-9.7498,T,0,0,0,0,e0a0,0
V08Q2_17,10.4792,-9.7416,T,1,0,0,0,e0a0,0
V08Q2_6,10.4684,-9.7186,A,0,0,0,0,e0a0,0
V08Q2_6,10.4704,-9.7186,T,2,0.0844,0,9,e8a1,0
V08Q2_6,10.4719,-9.7186,A,0,0,0,0,e0a0,0
V08Q2_10,10.4659,-9.7444,T,3,0.0552,0,7,e4a3,0
V08Q2_11,10.4559,-9.7479,A,2,0.0543,0,4,e1a3,0
V08Q2_11,10.4608,-9.7479,T,2,0,0,0,e0a0,0
V08Q2_12,10.449,-9.786,A,2,0.1681,0,7,e7a0,0
V08Q2_12,10.4524,-9.786,T,0,0,0,0,e0a0,0
V08Q2_13,10.4479,-9.7159,T,2,0.0883,0,5,e3a2,0
V08Q2_9,10.4452,-9.7715,T,3,0.7589,0,5,e2a3,0
V08Q2_8,10.4416,-9.7718,T,2,0.4482,0,15,e11a4,0
V08Q2_5,10.439,-9.7241,T,3,0.3509,0,2,e1a1,0
V08Q2_18,10.4244,-9.7304,T,3,0.1593,0,2,e0a2,0
V08Q2_19,10.4191,-9.7141,T,2,0.084,0.0002,9,e8a1,0
V08Q2_21,10.4098,-9.7244,A,2,0.4034,0,13,e9a4,0
V08Q2_21,10.4124,-9.7244,T,0,0,0,0,e0a0,0
V08Q2_20,10.4002,-9.6979,T,2,0.0745,0,7,e7a0,0
V08Q2_7,10.3907,-9.7506,T,2,0.4326,0,13,e10a3,0
V08Q3_21,10.5036,-9.9069,T,2,0.367,0.0003,8,e2a6,0
V08Q3_19,10.4974,-9.9299,T,2,0.2765,0,8,e6a2,0
V08Q3_22,10.4924,-9.9765,T,2,0.1231,0,3,e1a2,0
V08Q3_18,10.4862,-9.9447,T,2,0.2078,0,9,e8a1,0
V08Q3_23,10.4801,-9.9193,T,2,0.4468,0,11,e8a3,0
V08Q3_14,10.4663,-9.8969,A,2,0.5881,0,7,e5a2,0
V08Q3_14,10.4705,-9.8969,T,0,0,0,0,e0a0,0
V08Q3_15,10.4637,-9.8678,T,2,0.2541,0,15,e11a4,0
V08Q3_13,10.4525,-9.9642,T,2,0.1835,0,12,e11a1,0
V08Q3_24,10.449,-9.9526,T,2,0.448,0.0003,7,e2a5,0
V08Q3_12,10.4395,-9.974,T,2,0.3713,0,11,e7a4,0
V08Q3_12,-999.9,-999.9,A,-9,0,0,0,e0a0,b
V08Q3_10,10.4321,-9.9447,T,2,0.0372,0,7,e7a0,0
V08Q3_11,10.4286,-9.9683,T,2,0.1393,0,8,e8a0,0
V08Q3_6,10.4218,-9.8959,T,2,0.2951,0,11,e7a4,0
V08Q3_6,-999.9,-999.9,A,-9,0,0,0,e0a0,b
V08Q3_9,10.4161,-9.9064,T,3,0.226,0.0003,6,e5a1,0
V08Q3_8,10.4106,-9.9209,T,2,0.3268,0,13,e9a4,0
V08Q3_5,10.4002,-9.8793,A,2,0.4906,0,10,e10a0,0
V08Q3_5,10.4033,-9.8793,T,0,0,0,0,e0a0,0
V08Q3_7,10.392,-9.9649,T,2,0.2038,0,8,e7a1,0
V08Q4_8,10.6514,-9.8827,T,2,0.3764,0,16,e12a4,0
V08Q4_7,10.6375,-9.8776,T,2,0.1289,0,6,e6a0,0
V08Q4_9,10.633,-9.9484,T,2,0.3266,0,15,e11a4,0
V08Q4_20,10.63,-9.8767,T,2,0.0839,0,7,e7a0,0
V08Q4_19,10.6255,-9.9059,T,3,0.0591,0,3,e1a2,0
V08Q4_21,10.6204,-9.9277,T,2,0.5039,0,7,e1a6,0
V08Q4_10,10.6157,-9.8984,T,2,0.355,0.0001,15,e11a4,0
V08Q4_18,10.6117,-9.8937,T,2,0.1838,0,8,e5a3,0
V08Q4_17,10.5955,-9.8953,T,2,0.2937,0,8,e8a0,0
V08Q4_17,10.6006,-9.8953,A,2,0.3078,0,14,e9a5,0
V08Q4_22,10.593,-9.8765,T,3,0.1846,0,3,e0a3,0
V08Q4_5,10.5807,-9.9159,T,2,0.1838,0,12,e11a1,0
V08Q4_4,10.5758,-9.9697,T,2,0.1303,0,6,e6a0,0
V08Q4_6,10.5725,-9.9734,T,2,0.1305,0,7,e6a1,0
V08Q4_15,10.5673,-9.9065,T,2,0.1285,0,4,e2a2,0
V08Q4_14,10.5645,-9.9303,T,2,0.2923,0,8,e6a2,0
V08Q4_13,10.5602,-9.9224,T,2,0.299,0.0001,10,e10a0,0
V08Q4_12,10.5551,-9.9717,T,2,0.0525,0,7,e7a0,0
V08Q4_23,10.5408,-9.902,T,2,0.0367,0,6,e6a0,0
V09Q1_10,10.9138,-9.7966,T,2,0.2463,0,9,e8a1,0
V09Q1_19,10.9078,-9.7631,T,2,0.4244,0,7,e5a2,0
V09Q1_6,10.8943,-9.7942,T,2,0.4599,0,10,e6a4,0
V09Q1_5,10.8661,-9.7584,T,2,0.183,0.0001,9,e7a2,0
V09Q1_5,-999.9,-999.9,A,-9,0,0,0,e0a0,b
V09Q1_12,10.8619,-9.6989,T,2,0.1828,0,6,e6a0,0
V09Q1_18,10.8577,-9.7481,T,3,0.1827,0,2,e1a1,0
V09Q1_13,10.8551,-9.7386,T,2,0.1833,0,3,e2a1,0
V09Q1_11,10.8499,-9.7299,T,2,0.1818,0,4,e3a1,0
V09Q1_14,10.8424,-9.7501,A,2,0.1845,0,3,e1a2,0
V09Q1_14,10.8448,-9.7501,T,0,0,0,0,e0a0,0
V09Q1_14,-999.9,-999.9,A,-9,0,0,0,e0a0,b
V09Q1_9,10.8375,-9.7759,T,2,0.304,0.0001,12,e9a3,0
V09Q1_9,-999.9,-999.9,A,-9,0,0,0,e0a0,b
V09Q1_8,10.8319,-9.7515,T,2,0.3028,0,7,e6a1,0
V09Q1_17,10.8265,-9.8041,T,2,0.2917,0,12,e9a3,0
V09Q1_15,10.8211,-9.7216,T,3,0.0557,0,3,e1a2,0
V09Q1_16,10.8178,-9.7947,T,2,0.133,0.0001,9,e8a1,0
V09Q2_7,10.7742,-9.7523,T,2,0.1816,0,3,e0a3,0
V09Q2_8,10.7679,-9.8017,T,2,0.249,0.0001,6,e0a6,0
V09Q2_6,10.7569,-9.7894,T,3,0.2007,0,1,e1a0,0
V09Q2_6,10.7602,-9.7894,A,2,0.1302,0,3,e1a2,0
V09Q2_9,10.753,-9.7957,T,2,0.0981,0,6,e5a1,0
V09Q2_5,10.7468,-9.7554,T,2,0.1823,0,13,e11a2,0
V09Q2_10,10.7423,-9.7947,T,2,0.1315,0,3,e0a3,0
V09Q2_11,10.7365,-9.8021,A,2,0.3019,0,13,e10a3,0
V09Q2_11,10.7382,-9.8021,T,2,0.3021,0,5,e5a0,0
V09Q2_13,10.72,-9.7037,T,2,0.0498,0,3,e1a2,0
V09Q2_22,10.7161,-9.8078,T,2,0.0555,0,6,e4a2,0
V09Q2_20,10.7075,-9.7683,T,2,0.2998,0,13,e9a4,0
V09Q2_21,10.7045,-9.7835,T,2,0.3874,0,5,e2a3,0
V09Q2_23,10.701,-9.7849,T,2,0.354,0.0001,7,e7a0,0
V09Q2_18,10.6932,-9.7582,T,2,0.3152,0,11,e8a3,0
V09Q2_19,10.6907,-9.7372,T,2,0.1541,0,11,e11a0,0
V09Q2_17,10.6861,-9.8066,T,2,0.2672,0,6,e3a3,0
V09Q2_4,10.6829,-9.7391,T,2,0.0505,0,6,e5a1,0
V09Q2_4,-999.9,-999.9,A,-9,0,0,0,e0a0,b
V09Q2_16,10.675,-9.8004,T,2,0.058,0.0002,3,e0a3,0
V09Q2_24,10.6677,-9.7907,T,2,0.4997,0,9,e4a5,0
V09Q2_15,10.6652,-9.7845,T,2,0.0533,0,8,e7a1,0
V09Q3_5,10.765,-9.9239,T,2,0.0509,0,8,e8a0,0
V09Q3_4,10.7616,-9.9311,T,2,0.3263,0,12,e9a3,0
V09Q3_20,10.7583,-9.8929,T,2,0.4747,0,9,e6a3,0
V09Q3_6,10.7539,-9.8839,T,2,0.1309,0,4,e1a3,0
V09Q3_19,10.7443,-9.8992,T,3,0.2914,0,2,e2a0,0
V09Q3_19,10.7461,-9.8992,A,2,0.5422,0,4,e2a2,a
V09Q3_19,10.7487,-9.8992,A,0,0,0,0,e0a0,a
V09Q3_15,10.7267,-9.9036,A,2,0.1834,0,7,e5a2,0
V09Q3_15,10.7298,-9.9036,T,0,0,0,0,e0a0,0
V09Q3_17,10.7242,-9.887,T,2,0.5773,0,8,e4a4,0
V09Q3_7,10.7027,-9.9024,T,2,0.1836,0,7,e6a1,0
V09Q3_14,10.6955,-9.9172,T,2,0.0772,0,9,e9a0,0
V09Q3_9,10.6913,-9.8591,T,2,0.1823,0,10,e9a1,0
V09Q3_18,10.685,-9.8819,T,2,0.0784,0,6,e6a0,0
V09Q3_22,10.68,-9.9463,T,2,0.3285,0,5,e0a5,0
V09Q3_11,10.6764,-9.9052,T,2,0.325,0,14,e13a1,0
V09Q3_13,10.6711,-9.8731,T,2,0.1818,0,13,e11a2,0
V09Q3_12,10.6645,-9.9079,T,2,0.3253,0,12,e12a0,0
V09Q3_21,10.6604,-9.8785,T,2,0.447,0.0002,8,e4a4,0
V09Q4_6,10.9245,-9.9577,T,2,0.1566,0,12,e11a1,0
V09Q4_8,10.9171,-9.9603,T,2,0.3346,0,7,e1a6,0
V09Q4_7,10.9134,-9.8638,T,2,0.0831,0,10,e10a0,0
V09Q4_19,10.9053,-9.8768,A,2,0.3966,0,5,e1a4,0
V09Q4_19,10.9079,-9.8768,T,3,0.2905,0,1,e1a0,0
V09Q4_4,10.9027,-9.9072,T,2,0.208,0,12,e10a2,0
V09Q4_20,10.8938,-9.918,A,2,0.2888,0,12,e12a0,0
V09Q4_20,-999.9,-999.9,A,-9,0,0,0,e0a0,b
V09Q4_20,10.8977,-9.918,T,0,0,0,0,e0a0,0
V09Q4_23,10.8917,-9.8983,T,2,0.5489,0,5,e3a2,0
V09Q4_10,10.8858,-9.8645,T,2,0.3133,0,11,e8a3,0
V09Q4_9,10.8825,-9.8709,T,2,0.3128,0,7,e4a3,0
V09Q4_21,10.8744,-9.9565,T,2,0.0778,0,8,e8a0,0
V09Q4_11,10.8638,-9.8999,T,3,0.3654,0,3,e3a0,0
V09Q4_12,10.8598,-9.8922,T,0,0,0,0,e0a0,0
V09Q4_13,10.8564,-9.9606,T,2,0.2672,0,14,e11a3,0
V09Q4_14,10.8538,-9.9574,T,2,0.4358,0,6,e0a6,0
V09Q4_15,10.8432,-9.8891,T,2,0.2082,0,9,e9a0,0
V09Q4_22,10.8398,-9.9249,T,2,0.5006,0,6,e0a6,0
V09Q4_18,10.8301,-9.9475,T,2,0.3347,0,8,e2a6,0
V09Q4_16,10.8232,-9.8676,T,2,0.3799,0,10,e10a0,0
V10Q1_8,10.5343,-9.3362,T,3,0.0529,0,2,e2a0,0
V10Q1_9,10.5251,-9.3017,A,2,0.3565,0,9,e9a0,a
V10Q1_9,10.5285,-9.3017,T,0,0,0,0,e0a0,0
V10Q1_6,10.5179,-9.3182,T,2,0.3297,0,13,e13a0,0
V10Q1_7,10.5144,-9.253,T,2,0.2993,0,7,e4a3,0
V10Q1_22,10.5091,-9.3186,T,3,0.6998,0,6,e4a2,0
V10Q1_10,10.5038,-9.3176,A,2,0.3152,0,11,e9a2,0
V10Q1_10,10.506,-9.3176,T,0,0,0,0,e0a0,0
V10Q1_11,10.501,-9.3249,T,3,2.365,0.0009,2,e2a0,0
V10Q1_12,10.4925,-9.2996,T,0,0,0,0,e0a0,0
V10Q1_14,10.4838,-9.2444,T,2,0.6009,0,9,e9a0,0
V10Q1_13,10.4797,-9.2727,T,3,0.3766,0,5,e5a0,0
V10Q1_21,10.4753,-9.2688,T,0,0,0,0,e0a0,0
V10Q1_20,10.4701,-9.3085,T,0,0,0,0,e0a0,0
V10Q1_16,10.4645,-9.2577,T,2,0.3929,0,8,e8a0,0
V10Q1_16,-999.9,-999.9,A,-9,0,0,0,e0a0,b
V10Q1_15,10.461,-9.3165,T,2,0.3161,0,14,e11a3,0
V10Q1_19,10.448,-9.2442,T,3,0.0576,0,1,e0a1,0
V10Q1_5,10.4315,-9.2501,T,2,0.2105,0,8,e6a2,0
V10Q1_4,10.427,-9.3431,A,2,0.3407,0,13,e9a4,a
V10Q1_4,10.4288,-9.3431,T,0,0,0,0,e0a0,0
V10Q1_18,10.4214,-9.3019,T,2,0.3012,0,9,e9a0,0
V10Q2_5,10.377,-9.2878,T,2,0.2983,0,6,e5a1,0
V10Q2_25,10.3728,-9.2987,T,2,0.4535,0,5,e3a2,0
V10Q2_23,10.3669,-9.3318,T,0,0.051,0.0004,3,e1a2,0
V10Q2_23,-999.9,-999.9,A,-9,0,0,0,e0a0,b
V10Q2_27,10.3608,-9.2407,T,3,0.0554,0,1,e0a1,0
V10Q2_22,10.3513,-9.3208,T,0,0,0,0,e0a0,0
V10Q2_22,10.3525,-9.3208,A,3,0.0551,0,3,e0a3,0
V10Q2_8,-999.9,-999.9,A,-9,0.8967,0,0,e0a0,b
V10Q2_8,10.3399,-9.3591,T,0,0,0,0,e0a0,0
V10Q2_11,10.3355,-9.3116,T,2,0.3157,0,6,e0a6,0
V10Q2_10,10.3305,-9.3063,T,2,0.0548,0,3,e0a3,0
V10Q2_21,10.3277,-9.334,T,2,0.3407,0,9,e9a0,0
V10Q2_12,10.3246,-9.3399,T,2,0.1879,0,8,e7a1,0
V10Q2_9,10.3217,-9.2884,T,1,0,0,0,e0a0,0
V10Q2_9,-999.9,-999.9,A,-9,0,0,0,e0a0,b
V10Q2_20,10.3136,-9.3149,T,2,0.6293,0,6,e5a1,0
V10Q2_19,10.3095,-9.3125,T,2,0.2652,0,8,e8a0,0
V10Q2_16,10.3019,-9.2437,T,2,0.5208,0,6,e3a3,0
V10Q2_18,10.294,-9.3137,T,2,0.5837,0,5,e1a4,0
V10Q2_15,10.2887,-9.3409,T,2,0.472,0.0001,15,e11a4,0
V10Q2_13,10.2826,-9.2886,T,2,0.232,0.0001,5,e5a0,0
V10Q2_26,10.2747,-9.2944,T,2,0.6544,0,8,e5a3,0
V10Q2_14,10.2705,-9.3306,T,3,0.8397,0,3,e1a2,0
V10Q3_10,10.3809,-9.4399,A,0,0,0,0,e0a0,a
V10Q3_10,10.3825,-9.4399,T,0,0,0,0,e0a0,0
V10Q3_10,-999.9,-999.9,A,-9,0,0,0,e0a0,b
V10Q3_13,10.373,-9.4405,A,2,0.3406,0,6,e1a5,0
V10Q3_13,10.3747,-9.4405,T,0,0,0,0,e0a0,0
V10Q3_14,10.3717,-9.4414,T,3,0.5189,0,3,e3a0,0
V10Q3_21,10.3634,-9.4851,A,2,0.5794,0,5,e1a4,0
V10Q3_21,10.3652,-9.4851,T,2,0.5729,0,4,e4a0,0
V10Q3_15,10.3582,-9.479,T,0,0,0,0,e0a0,0
V10Q3_11,10.3498,-9.4506,T,0,0,0,0,e0a0,0
V10Q3_12,10.3455,-9.4907,T,2,0.6927,0,3,e1a2,0
V10Q3_16,10.338,-9.4463,T,3,0.0554,0,3,e0a3,0
V10Q3_18,10.3191,-9.4517,A,3,0.0694,0,3,e2a1,0
V10Q3_18,10.3243,-9.4517,T,3,0.2048,0,4,e4a0,0
V10Q3_4,10.3158,-9.4843,T,2,0.188,0.0001,9,e8a1,0
V10Q3_4,-999.9,-999.9,A,-9,0,0,0,e0a0,b
V10Q3_17,10.31,-9.4737,T,2,0.1519,0,4,e1a3,0
V10Q3_9,10.2997,-9.491,A,0,0,0,0,e0a0,0
V10Q3_9,10.3039,-9.491,T,0,0,0,0,e0a0,0
V10Q3_20,10.2928,-9.5295,T,2,0.3941,0,10,e6a4,0
V10Q3_7,-999.9,-999.9,A,-9,0,0,0,e0a0,b
V10Q3_7,10.2816,-9.487,T,2,0.3658,0,7,e2a5,0
V10Q4_17,-999.9,-999.9,A,-9,0,0,0,e0a0,b
V10Q4_17,10.2762,-9.4594,T,2,0.3047,0,7,e1a6,0
V10Q4_11,10.5178,-9.4398,A,0,0,0,0,e0a0,0
V10Q4_11,10.5214,-9.4398,T,0,0,0,0,e0a0,0
V10Q4_4,10.514,-9.4856,T,2,0.3683,0,12,e9a3,0
V10Q4_8,10.5103,-9.4575,T,2,0.0961,0,12,e10a2,0
V10Q4_7,10.5038,-9.4577,A,2,0.3139,0,11,e7a4,0
V10Q4_7,10.5048,-9.4577,T,2,0.3134,0,11,e11a0,0
V10Q4_7,-999.9,-999.9,A,-9,0,0,0,e0a0,b
V10Q4_12,10.4944,-9.4369,T,0,0,0,0,e0a0,0
V10Q4_12,10.4955,-9.4369,A,3,0.0627,0,3,e1a2,0
V10Q4_10,10.4887,-9.4761,T,2,0.2534,0,9,e1a8,0
V10Q4_13,10.481,-9.5252,T,0,0,0,0,e0a0,0
V10Q4_16,10.4591,-9.5168,T,0,0,0,0,e0a0,0
V10Q4_14,10.4504,-9.4579,A,0,0,0,0,e0a0,0
V10Q4_14,10.4519,-9.4579,T,2,0.0577,0,3,e0a3,0
V10Q4_6,10.4477,-9.4313,T,0,0,0,0,e0a0,0
V10Q4_5,-999.9,-999.9,A,-9,0,0,0,e0a0,b
V10Q4_5,10.4345,-9.4485,T,2,0.5675,0,6,e1a5,0
V10Q4_15,10.4318,-9.4461,T,0,0,0,0,e0a0,0
V10Q4_15,-999.9,-999.9,A,-9,0,0,0,e0a0,b
V11Q1_22,-999.9,-999.9,A,-9,0,0,0,e0a0,b
V11Q1_22,10.5349,-9.5699,T,0,0,0,0,e0a0,0
V11Q1_20,10.5253,-9.5808,T,2,0.2925,0,9,e9a0,0
V11Q1_4,10.5224,-9.5542,T,2,0.4297,0,7,e2a5,0
V11Q1_19,10.5194,-9.5989,T,0,0,0,0,e0a0,0
V11Q1_18,10.5151,-9.6006,T,2,0.3034,0,8,e1a7,0
V11Q1_5,10.5079,-9.5992,T,2,0.453,0.0001,10,e6a4,0
V11Q1_16,10.4974,-9.616,T,2,0.5331,0,10,e10a0,0
V11Q1_15,10.4911,-9.6075,T,2,0.4528,0,6,e4a2,0
V11Q1_14,10.4862,-9.6341,T,3,0.054,0.001,1,e0a1,0
V11Q1_17,10.4801,-9.6047,T,2,0.431,0.0004,6,e3a3,0
V11Q1_23,10.4716,-9.5903,T,2,0.4309,0,5,e2a3,0
V11Q1_6,10.4656,-9.5711,T,0,0,0,0,e0a0,0
V11Q1_13,10.461,-9.5872,A,2,0.4528,0,7,e1a6,0
V11Q1_13,10.4625,-9.5872,T,0,0,0,0,e0a0,0
V11Q1_7,10.4577,-9.5506,T,2,0.393,0.0001,9,e9a0,0
V11Q1_11,10.4469,-9.5557,A,2,0.544,0.0004,3,e0a3,0
V11Q1_11,10.452,-9.5557,T,0,0,0,0,e0a0,0
V11Q1_10,10.4454,-9.6127,T,2,0.3835,0,13,e9a4,0
V11Q1_9,10.4368,-9.6371,T,2,0.0772,0,6,e5a1,0
V11Q1_8,-999.9,-999.9,A,-9,0,0,0,e0a0,b
V11Q1_8,10.4233,-9.573,T,2,0.1307,0,6,e6a0,0
V11Q2_4,-999.9,-999.9,A,-9,0,0,0,e0a0,b
V11Q2_4,10.3839,-9.5752,T,2,0.437,0.0002,3,e0a3,0
V11Q2_27,10.3812,-9.6179,T,3,0.0423,0,2,e2a0,0
V11Q2_5,10.3746,-9.619,T,2,0.3852,0,7,e3a4,0
V11Q2_6,10.371,-9.6317,T,2,0.3155,0,13,e7a6,0
V11Q2_8,10.3535,-9.6136,A,2,0.3921,0,3,e0a3,0
V11Q2_8,10.3599,-9.6136,T,0,0,0,0,e0a0,0
V11Q2_10,-999.9,-999.9,A,-9,0,0,0,e0a0,b
V11Q2_10,10.3457,-9.5473,A,0,0,0,0,e0a0,0
V11Q2_10,10.3474,-9.5473,T,2,0.3362,0,9,e9a0,0
V11Q2_11,10.3405,-9.6159,A,2,0.4291,0,4,e4a0,0
V11Q2_11,10.3415,-9.6159,T,0,0,0,0,e0a0,0
V11Q2_12,-999.9,-999.9,A,-9,0.3361,0,3,e3a0,b
V11Q2_12,10.332,-9.5451,A,2,0.0954,0,9,e9a0,0
V11Q2_12,10.3337,-9.5451,T,2,0.5772,0,4,e4a0,0
V11Q2_24,10.3292,-9.6196,T,2,0.2332,0,6,e3a3,0
V11Q2_13,10.327,-9.5576,T,3,0.4538,0,2,e0a2,0
V11Q2_26,10.3219,-9.5882,T,2,0.0847,0,8,e8a0,0
V11Q2_14,10.3155,-9.6415,T,2,0.2986,0,9,e6a3,0
V11Q2_14,-999.9,-999.9,A,-9,0.3,0,0,e0a0,b
V11Q2_15,10.3119,-9.5704,T,2,0.2341,0,7,e5a2,0
V11Q2_16,10.3065,-9.5686,T,2,0.3721,0,6,e0a6,0
V11Q2_18,10.2945,-9.5631,T,3,0.0593,0,2,e1a1,0
V11Q2_19,10.2894,-9.5613,T,2,0.233,0.0002,10,e8a2,0
V11Q2_21,10.284,-9.6187,T,3,0.4406,0,1,e1a0,0
V11Q2_20,10.2802,-9.596,T,2,0.2343,0,9,e8a1,0
V11Q2_22,10.2738,-9.6174,T,2,0.3717,0,10,e8a2,0
V11Q2_22,-999.9,-999.9,A,-9,0,0,0,e0a0,b
V11Q3_16,10.3835,-9.7921,T,2,0.2331,0,8,e8a0,0
V11Q3_17,10.3748,-9.7816,T,2,0.4926,0,2,e2a0,0
V11Q3_17,10.3776,-9.7816,A,2,0.5829,0,4,e4a0,0
V11Q3_18,10.3704,-9.7688,T,2,0.314,0.0001,8,e8a0,0
V11Q3_15,10.3645,-9.7486,T,2,0.2986,0,9,e7a2,0
V11Q3_14,10.3542,-9.7801,A,0,0,0,0,e0a0,0
V11Q3_14,10.3595,-9.7801,T,0,0,0,0,e0a0,0
V11Q3_13,10.3525,-9.735,T,2,0.2981,0,11,e7a4,0
V11Q3_19,10.3498,-9.7299,T,2,0.2572,0,9,e6a3,0
V11Q3_12,10.3438,-9.8168,T,2,0.251,0.0001,7,e7a0,0
V11Q3_10,10.3358,-9.7311,A,0,0.0578,0,2,e0a2,0
V11Q3_10,10.337,-9.7311,T,3,0.4877,0,6,e3a3,0
V11Q3_11,10.3305,-9.7775,T,2,0.576,0.0001,4,e4a0,0
V11Q3_9,10.3225,-9.7709,A,2,0.5826,0,6,e5a1,0
V11Q3_9,10.3242,-9.7709,T,2,0.5822,0,5,e5a0,0
V11Q3_9,10.3279,-9.7709,A,0,0,0,0,e0a0,a
V11Q3_4,10.3085,-9.7366,T,2,0.3154,0,9,e6a3,0
V11Q3_6,10.2955,-9.7894,T,2,0.1743,0,6,e6a0,0
V11Q3_21,10.2854,-9.7366,A,3,0.2541,0,2,e0a2,0
V11Q3_21,10.287,-9.7366,A,0,0,0,0,e0a0,a
V11Q3_21,10.2899,-9.7366,T,0,0,0,0,e0a0,0
V11Q3_7,10.2828,-9.7474,T,2,0.2967,0,7,e5a2,0
V11Q3_22,10.2736,-9.7814,A,0,0,0,0,e0a0,0
V11Q3_22,10.2759,-9.7814,T,2,0.084,0.0002,5,e5a0,0
V11Q3_8,10.2719,-9.7322,T,3,0.4302,0,2,e2a0,0
V11Q4_5,10.5337,-9.7447,T,2,0.0788,0,0,e0a0,0
V11Q4_6,10.531,-9.7471,T,2,0.0536,0,7,e7a0,0
V11Q4_8,10.5276,-9.7807,T,2,0.5667,0,4,e1a3,0
V11Q4_7,10.5252,-9.7754,T,2,0.4865,0,10,e6a4,0
V11Q4_20,10.5208,-9.8063,T,3,1.154,0.0004,3,e1a2,0
V11Q4_9,10.5203,-9.8234,T,0,0,0,0,e0a0,0
V11Q4_9,10.5228,-9.8234,A,0,0,0,0,e0a0,a
V11Q4_10,10.5102,-9.7441,T,2,0.095,0.0001,7,e7a0,0
V11Q4_21,10.5042,-9.746,T,2,0.3701,0,8,e8a0,0
V11Q4_4,10.4966,-9.8107,T,2,0.0775,0,12,e10a2,0
V11Q4_19,10.4896,-9.7455,T,2,0.7223,0,4,e4a0,0
V11Q4_19,-999.9,-999.9,A,-9,0,0,0,e0a0,b
V11Q4_12,10.4821,-9.7854,T,2,0.2507,0,6,e0a6,0
V11Q4_11,10.4725,-9.8106,T,2,0.0788,0,9,e9a0,0
V11Q4_14,10.4648,-9.8149,T,2,0.2975,0,8,e6a2,0
V11Q4_14,-999.9,-999.9,A,-9,0,0,0,e0a0,b
V11Q4_15,10.4558,-9.7893,T,2,0.3706,0,6,e1a5,0
V11Q4_17,10.4442,-9.7576,T,2,0.4485,0,5,e3a2,0
V11Q4_16,10.4349,-9.748,T,2,0.3092,0,11,e8a3,0
V11Q4_18,10.4266,-9.7704,T,2,0.3379,0,11,e11a0,0
V12Q1_7,10.8068,-9.5753,T,2,0.3264,0,12,e12a0,0
V12Q1_6,10.7999,-9.6505,T,2,0.3157,0,9,e9a0,0
V12Q1_8,10.7968,-9.5848,T,2,0.4671,0,12,e10a2,0
V12Q1_5,10.7828,-9.7188,T,2,0.1833,0,10,e9a1,0
V12Q1_11,10.775,-9.621,T,2,0.5835,0,5,e4a1,0
V12Q1_13,10.7669,-9.5678,T,2,0.4242,0,9,e8a1,0
V12Q1_14,10.7625,-9.6391,T,0,0,0,0,e0a0,0
V12Q1_16,10.7562,-9.6456,T,2,0.3789,0,14,e12a2,0
V12Q1_15,10.7495,-9.6158,T,2,0.4804,0,14,e14a0,0
V12Q1_17,10.7401,-9.6018,A,2,0.3188,0,9,e9a0,0
V12Q1_17,10.7433,-9.6018,T,0,0,0,0,e0a0,0
V12Q1_19,10.7385,-9.59,T,2,0.4635,0,8,e8a0,0
V12Q1_18,10.7341,-9.649,T,2,0.3303,0,2,e2a0,0
V12Q1_20,10.7235,-9.6126,A,2,0.1992,0,8,e8a0,0
V12Q1_20,10.7277,-9.6126,T,0,0,0,0,e0a0,0
V12Q1_21,10.7153,-9.6329,T,2,0.1885,0,8,e7a1,0
V12Q1_22,10.6988,-9.6092,A,2,0.0775,0,9,e9a0,0
V12Q1_22,10.7026,-9.6092,T,0,0,0,0,e0a0,0
V12Q1_23,10.6968,-9.594,T,2,0.4263,0,8,e6a2,0
V12Q1_24,10.6934,-9.6284,T,3,0.2118,0,2,e2a0,0
V12Q2_14,10.6485,-9.6448,T,2,0.2497,0,8,e7a1,0
V12Q2_12,10.6371,-9.5844,T,3,0.4018,0,0,e0a0,0
V12Q2_11,-999.9,-999.9,A,-9,0,0,0,e0a0,b
V12Q2_11,10.6273,-9.6631,T,2,0.3781,0,10,e8a2,0
V12Q2_15,10.6022,-9.6381,A,0,0,0,0,e0a0,0
V12Q2_15,10.6062,-9.6381,T,0,0,0,0,e0a0,0
V12Q2_4,10.5918,-9.6429,T,2,0.5522,0,6,e6a0,0
V12Q2_16,10.586,-9.5864,T,2,0.5832,0,6,e3a3,0
V12Q2_9,10.5796,-9.6622,T,2,0.2339,0,13,e11a2,0
V12Q2_5,10.5745,-9.6195,T,2,0.0672,0,10,e9a1,0
V12Q2_6,10.5637,-9.5668,T,2,0.0588,0,8,e8a0,0
V12Q2_17,10.5529,-9.6235,A,2,0.3843,0,13,e13a0,a
V12Q2_17,10.5597,-9.6235,T,0,0,0,0,e0a0,0
V12Q2_8,10.5487,-9.568,A,2,0.5524,0,6,e4a2,0
V12Q2_8,10.5497,-9.568,T,2,0.7503,0,6,e6a0,0
V12Q2_7,10.5403,-9.6455,A,2,0.3027,0,13,e12a1,a
V12Q2_7,10.5422,-9.6455,T,0,0,0,0,e0a0,0
V12Q3_10,10.6485,-9.7745,T,0,0,0,0,e0a0,0
V12Q3_10,10.6509,-9.7745,A,2,0.0568,0,8,e8a0,0
V12Q3_11,10.6462,-9.7689,T,2,0.4276,0,13,e10a3,0
V12Q3_13,10.6416,-9.8226,T,0,0,0,0,e0a0,0
V12Q3_9,10.6383,-9.8093,T,2,0.7422,0,6,e3a3,0
V12Q3_12,10.6325,-9.8312,T,2,0.2914,0,5,e5a0,0
V12Q3_6,10.6183,-9.8273,T,2,0.05,0,9,e8a1,0
V12Q3_14,10.6103,-9.7276,T,0,0,0,0,e0a0,0
V12Q3_5,10.6079,-9.7495,T,2,0.1284,0,10,e9a1,0
V12Q3_8,10.6015,-9.817,T,2,0.2665,0,11,e10a1,0
V12Q3_8,-999.9,-999.9,A,-9,0.2668,0,6,e6a0,b
V12Q3_16,10.5856,-9.7612,T,2,0.487,0.0004,6,e4a2,0
V12Q3_15,10.5769,-9.7975,T,2,0.4834,0,8,e7a1,0
V12Q3_4,10.5718,-9.8225,A,2,0.3043,0,6,e3a3,0
V12Q3_4,10.5742,-9.8225,T,3,0.4965,0,4,e4a0,0
V12Q3_17,10.5695,-9.79,T,2,0.4847,0,9,e3a6,0
V12Q3_17,-999.9,-999.9,A,-9,0,0,0,e0a0,b
V12Q3_20,10.5611,-9.7504,T,2,0.4889,0,8,e2a6,0
V12Q3_18,10.5557,-9.7983,T,2,0.5661,0,5,e2a3,0
V12Q3_19,10.5475,-9.7886,T,2,0.0815,0,9,e9a0,0
V12Q3_7,10.5389,-9.7289,A,2,0.3141,0,11,e7a4,0
V12Q3_7,10.5431,-9.7289,T,0,0,0,0,e0a0,0
V12Q4_4,10.8026,-9.7471,A,2,0.1317,0,3,e2a1,a
V12Q4_4,10.8062,-9.7471,T,0,0,0,0,e0a0,0
V12Q4_19,10.7951,-9.7141,T,1,0,0,0,e0a0,0
V12Q4_13,10.782,-9.7696,T,2,0.1265,0,12,e11a1,0
V12Q4_15,10.7774,-9.7527,T,2,0.1822,0,5,e1a4,0
V12Q4_12,10.7747,-9.7812,T,2,0.2916,0,9,e7a2,0
V12Q4_14,10.7712,-9.7739,T,2,0.1308,0,6,e3a3,0
V12Q4_16,10.7687,-9.7168,T,2,0.3913,0,9,e6a3,0
V12Q4_11,10.755,-9.7625,A,2,0.1846,0,7,e7a0,0
V12Q4_11,10.7577,-9.7625,T,0,0,0,0,e0a0,0
V12Q4_17,10.7509,-9.7328,T,2,0.3149,0,8,e3a5,0
V12Q4_10,-999.9,-999.9,A,-9,0,0,0,e0a0,b
V12Q4_10,10.738,-9.7578,T,2,0.3885,0,9,e6a3,0
V12Q4_9,10.7326,-9.7431,T,2,0.1316,0,4,e0a4,0
V12Q4_18,10.7222,-9.7303,T,0,0,0,0,e0a0,0
V12Q4_5,10.7175,-9.7681,T,2,0.2991,0,12,e10a2,0
V12Q4_8,10.7098,-9.8179,T,2,0.3006,0,12,e9a3,0
V12Q4_7,10.7002,-9.8288,T,2,0.1833,0,5,e3a2,0
V12Q4_6,10.6932,-9.8285,A,2,0.1831,0,9,e7a2,0
V12Q4_6,10.6972,-9.8285,T,0,0,0,0,e0a0,0
